Strain, Type, Content 
Tina Danza, hybrid, THC 25% 
Ultimate Trainwreck, sativa, THC 20% 
X Tra Chz, hybrid, THC 16% 
Acid Dough, sativa, THC 18% 
X-Kush #1, indica, THC 21% 
Fighting Buddha, sativa, THC 16% 
Euphoria Cookies, hybrid, THC 18% 
Scooby Snacks, hybrid, THC 24% 
Silver Nina, sativa, THC 23% 
Sin City Kush, indica, THC 26% 
Sin Valley OG, indica, THC 31% 
Royal Haze, sativa, THC 20% 
Seattle Cough, sativa, THC 22% 
Romping Goddess, hybrid, THC 23% 
Green Python, indica, THC 22% 
Purple Frost, indica, THC 25% 
Top 44, indica, THC 20% 
Lime Purple Mist, indica, THC 28% 
Lady Liberty, hybrid, THC 23% 
Root Beer Kush, sativa, THC 23% 
Madagascar, indica, THC 0% 
Road Dawg, indica, THC 26% 
MILF, sativa, THC 20% 
The Void, hybrid, THC 16% 
The Brotherhood, sativa, THC 28% 
Purple Monkey Balls, hybrid, THC 23% 
Euphoria, indica, THC 6% / CBD 7% 
Godfather OG, indica, THC 28% 
Big Buddha Cheese, hybrid, THC 18% 
Duke Nukem, sativa, THC 20% 
J1, sativa, THC 23% 
Galactic Jack, sativa, THC 26% 
Alien Bubba, indica, THC 21% 
Pineapple Thai, sativa, THC 24% / CBD 5% 
Bubba OG, indica, THC 27% 
Blue Haze, indica, THC 26% 
Blueberry Jack, hybrid, THC 20% 
OG Skunk, sativa, THC 26% 
Purple Crack, sativa, THC 19% 
Orange Juice, indica, THC 15% 
Hindu Skunk, indica, THC 23% 
Sour Sunset, indica, THC 24% 
Neville's Haze, sativa, THC 21% 
Optimus Prime, indica, THC 18% 
Johnny Blaze, indica, THC 19% 
Ethiopian, sativa, THC 15% 
Skunk Haze, sativa, THC 9% / CBD 9% 
Jamaican Dream, sativa, THC 21% 
Strawberry Banana, indica, THC 33% 
Alaskan Thunderfuck, sativa, THC 27% 
Super Silver Haze, sativa, THC 23% 
LA Confidential, indica, THC 26% 
Strawberry Cough, sativa, THC 23% 
Jack Frost, sativa, THC 21% 
Timewarp, sativa, THC 14% 
Blue Cookies, indica, THC 25% 
Do-Si-Dos, hybrid, THC 30% 
9 Pound Hammer, indica, THC 23% 
Bruce Banner, sativa, THC 30% 
Death Bubba, indica, THC 27% 
Bubba Kush, indica, THC 23% 
Sunset Sherbet, indica, THC 24% 
Moby Dick, sativa, THC 21% 
Sour OG, hybrid, THC 27% / CBD 0% 
Mango Kush, indica, THC 21% 
Ghost OG, indica, THC 24% 
Jillybean, sativa, THC 18% 
Mimosa, sativa, THC 27% 
Headband, indica, THC 27% 
Alien OG, sativa, THC 28% 
Blue Cheese, indica, THC 20% 
Khalifa Kush, indica, THC 29% / CBD 2% 
Tiger Woods, hybrid, THC 15% 
Blue Velvet, hybrid, THC 20% 
Bob Barker, indica, THC 22% 
Randy Savage, indica, THC 22% 
BC Sweet Tooth, indica, THC 13% 
Happy Nightmare, indica, THC 19% 
Americano, indica, THC 20% 
Big White, hybrid, THC 20% 
Acid, indica, THC 23% 
Milky Way, sativa, THC 22% 
Swiss Bliss, sativa, THC 23% 
Kriss Kross, hybrid, THC 21% 
Blue Blood, hybrid, THC 20% / CBD 10% 
Crypt, hybrid, THC 18% 
White Knight, indica, THC 26% 
Venus OG, hybrid, THC 25% 
Tommy’s Home Grown, hybrid, THC 19% 
Odyssey, hybrid, THC 22% 
Alpha Express, sativa, THC 21% 
Alpine Star, indica, THC 24% 
Spirit of 76, hybrid, THC 12% 
American Kush, indica, THC 27% 
Bubblicious, indica, THC 25% 
BB King, indica, THC 16% 
White Ice, indica, THC 20% / CBD 1% 
Blackberry Bubble, indica, THC 20% 
Dr. Grinspoon, sativa, THC 25% 
Haze, sativa, THC 27% 
Mai Tai Cookies, sativa, THC 14% / CBD 12% 
The Fork, sativa, THC 27% 
Throwback Kush, indica, THC 23% 
Kushberry, indica, THC 22% 
Qrazy Train, hybrid, THC 27% 
WMD, indica, THC 20% 
Wonder Kid, indica, THC 25% 
Wookie, indica, THC 23% 
Sinai, hybrid, THC 22% 
WTF, indica, THC 18% 
Yoda's Brain, indica, THC 22% 
Zelda, hybrid, THC 26% 
Sour Cheese, sativa, THC 24% 
Wild Thailand, sativa, THC 23% 
Cold Creek Kush, indica, THC 22% / CBD 3% 
Sugar Shack, indica, THC 19% 
Tahoe Hydro Champagne, sativa, THC 0% 
Corleone Kush, hybrid, THC 29% 
Firewalker OG, sativa, THC 25% / CBD 1% 
Nuclear Cookies, hybrid, THC 22% 
Arctic Sun, sativa, THC 22% 
Anunnaki, sativa, THC 19% 
Keester Kush, indica, THC 21% 
Legalized OG, indica, THC 24% 
Deadwood, hybrid, THC 17% 
Ewok, indica, THC 19% 
Super Sweet, hybrid, THC 14% 
White Walrus, hybrid, THC 18% / CBD 4% 
Sleestack, sativa, THC 25% 
Blucifer, sativa, THC 25% 
White Smurf, hybrid, THC 22% 
Avalon, indica, THC 19% 
Star 47, indica, THC 20% 
Afghan Cow, sativa, THC 22% 
Sputnik, sativa, THC 23% 
Thor's Hammer, sativa, THC 29% 
Verde Electric, hybrid, THC 24% 
Platinum Wreck, sativa, THC 25% 
Cyclops, indica, THC 20% 
Sexxpot, indica, THC 15% 
Space Monster, indica, THC 20% 
Purple Afghani, indica, THC 25% 
B4, hybrid, THC 26% 
Jack Skellington, sativa, THC 17% 
Cat Piss, sativa, THC 20% 
Champagne Kush, hybrid, THC 15% 
Jet Fuel, sativa, THC 20% 
Animal Cookies, indica, THC 27% 
Holy Grail Kush, indica, THC 24% / CBD 4% 
Ice Cream, indica, THC 22% 
Violator Kush, indica, THC 22% / CBD 2% 
Orange Crush, sativa, THC 29% 
Private Reserve, hybrid, THC 25% 
White Fire OG, indica, THC 25% / CBD 1% 
Chocolope, sativa, THC 22% 
God's Gift, indica, THC 25% 
Black Diamond, indica, THC 24% 
Critical Mass, indica, THC 22% 
Island Sweet Skunk, sativa, THC 19% 
Obama Kush, indica, THC 21% 
Apollo 13, sativa, THC 18% 
Bubblegum, indica, THC 19% 
Blue Mystic, indica, THC 21% 
Larry OG, indica, THC 24% / CBD 1% 
Panama Red, sativa, THC 16% 
Bordello, indica, THC 20% 
Black Widow, sativa, THC 28% 
White Rhino, indica, THC 22% 
Face Off OG, hybrid, THC 20% 
Warlock, indica, THC 19% 
Valley Girl, hybrid, THC 31% 
Chiesel, hybrid, THC 18% 
Cataract Kush, indica, THC 25% 
Mango Tango, indica, THC 26% 
Loud Scout, indica, THC 23% 
Blue Heron, indica, THC 19% / CBD 1% 
Big Smooth, indica, THC 26% 
Super Kush, hybrid, THC 22% 
Strawberry Ice, sativa, THC 21% 
White Kush, indica, THC 29% 
Donkey Butter, indica, THC 27% 
Alien Technology, indica, THC 19% 
Fortune Cookies, sativa, THC 24% 
Bright Fire, indica, THC 25% 
Raspberry Cough, sativa, THC 24% 
Bell Ringer, indica, THC 25% 
Pink Bubba, indica, THC 23% 
Tropical Tang, sativa, THC 22% 
White Walker OG, hybrid, THC 22% 
OG Cheese, indica, THC 18% 
California Hash Plant, indica, THC 12% / CBD 5% 
Bright Moments, hybrid, THC 26% 
Megalodon, sativa, THC 23% 
Fire Haze, sativa, THC 20% 
Hell's Angel OG, indica, THC 20% 
Edelweiss, indica, THC 21% 
Sweet Kush, hybrid, THC 18% 
Rare Darkness, indica, THC 26% 
Aceh, sativa, THC 10% 
Anonymous OG, indica, THC 20% 
Sunburn, sativa, THC 24% 
Blue Nightmare, hybrid, THC 19% 
Spliffs Strawberry, sativa, THC 22% 
Millennium, indica, THC 20% 
Outlaw, sativa, THC 17% 
G13 Haze, indica, THC 24% / CBD 1% 
Oracle, hybrid, THC 1% / CBD 14% 
Yummy, indica, THC 3% / CBD 9% 
DarkStar, indica, THC 16% 
Boysenberry, hybrid, THC 21% 
Cali Gold, indica, THC 21% 
Blue Alien, indica, THC 21% 
Sour Tsunami, sativa, THC 10% / CBD 13% 
Bianca, sativa, THC 20% 
Zeus OG, sativa, THC 23% 
Irish Cream, indica, THC 20% 
Perfect Purple, hybrid, THC 0% 
Iron Triangle, hybrid, THC 28% 
Blackberry Haze, sativa, THC 24% 
Aurora Borealis, hybrid, THC 22% 
Black 84, indica, THC 25% / CBD 1% 
Phantom Arrow, indica, THC 28% 
Dream Girl, hybrid, THC 22% 
Lemon Ice, sativa, THC 23% 
Princess, sativa, THC 0% 
White Slipper, sativa, THC 0% 
Brandywine, indica, THC 31% 
Crazy Miss Hyde, indica, THC 21% / CBD 1% 
Island Haze, sativa, THC 24% 
Double Barrel OG, hybrid, THC 20% 
Sweet Dreams, hybrid, THC 24% 
Special K, hybrid, THC 24% 
Sour Amnesia, sativa, THC 22% 
Animal Blues, indica, THC 23% 
Earthquake, hybrid, THC 23% 
Afghan Diesel, hybrid, THC 23% 
Cherry Fire, hybrid, THC 25% 
Chem Jack, sativa, THC 27% 
CBD OG, indica, THC 7% / CBD 10% 
Jack Smack, hybrid,  
$100 OG Kush, hybrid, THC 25% 
Candy Jack, sativa, THC 27% / CBD 1% 
Herijuana, indica, THC 32% 
Green Goblin, sativa, THC 24% / CBD 1% 
Alien Kush, indica, THC 19% 
Ginger Ale, hybrid, THC 25% 
Gelato #33, indica, THC 25% 
Gigabud, indica, THC 19% 
Ambrosia, hybrid, THC 16% 
F.O.G., sativa, THC 21% 
Carnival, sativa, THC 23% 
Kryptonite, indica, THC 27% 
Highlands, indica, THC 27% 
Kilimanjaro, sativa, THC 18% 
Queso, hybrid, THC 16% 
Custard Cream, indica, THC 20% 
Green Queen, hybrid, THC 20% 
Chocolate Haze, sativa, THC 17% 
Pot of Gold, indica, THC 21% 
Orange Blossom, indica, THC 24% 
Peppermint Cookies, hybrid, THC 24% 
Blue Magoo, indica, THC 21% 
Frankenstein, indica, THC 29% 
Josh D OG, indica,  
Tuna OG, hybrid, THC 18% 
Ultra Banana, indica, THC 23% 
Ultra Sour, sativa, THC 20% 
Vader OG, indica, THC 25% 
Versace, sativa, THC 25% 
Vietnamese Bubba, sativa, THC 20% 
Violeta, indica, THC 20% 
Wakanda OG, sativa,  
Washing Machine, indica, THC 20% 
Wembley, indica, THC 16% 
Swazi Gold, sativa, THC 27% 
White Tahoe Cookies, indica, THC 29% 
Sweet and Sour Widow, indica, THC 11% / CBD 8% 
Where's My Bike, sativa, THC 26% 
White 99, sativa, THC 25% 
White Bastard, indica, THC 20% 
Tangerine Sunrise, sativa, THC 16% 
White Bubblegum, indica,  
Cheesewreck, sativa, THC 24% 
Fire Alien Strawberry, indica, THC 20% 
White Urkle, hybrid, THC 23% 
White Caramel Cookie, indica, THC 22% 
White Coco, hybrid, THC 21% / CBD 1% 
White Domina, indica, THC 22% 
South Asian, sativa, THC 10% 
Sunlight Skunk, hybrid, THC 22% 
Chem Valley Kush, sativa, THC 30% 
Special Kush #1, indica, THC 17% 
Sumo Grande, sativa, THC 31% 
Purple Cotton Candy, indica, THC 19% 
Superstar, sativa, THC 23% 
Purple Buddha, hybrid, THC 15% 
Turbo Mind Warp, sativa, THC 28% 
Snow Bud, sativa, THC 12% 
Biddy Early, hybrid, THC 22% 
Secret Garden OG, indica, THC 20% 
Shangri-La, sativa, THC 22% 
South Indian, sativa, THC 15% 
Silver Train, sativa, THC 24% 
Extreme Cream, indica, THC 20% 
Faded Glory, sativa, THC 0% 
King Henry VIII, hybrid, THC 18% 
Sierra Mist, hybrid, THC 15% 
South American, sativa, THC 19% 
Shipwreck, sativa, THC 15% 
Skins Skunk, indica, THC 21% 
Purple Cow, sativa, THC 19% 
Butter OG, indica, THC 24% 
Blackberry Snow Cone, indica, THC 22% 
Black Lotus, indica, THC 25% 
Loud Dream, indica, THC 16% 
Rise 'n' Shine, sativa, THC 28% 
Alice In Wonderland, sativa, THC 23% 
Purple Alien OG, indica, THC 17% 
Citrus Kush, indica, THC 18% 
Birds of Paradise, sativa, THC 24% 
Black Afghan, indica, THC 24% 
G1000, indica, THC 24% 
Shooting Star, indica, THC 19% 
Old Mother Sativa, sativa, THC 17% 
Pink Cookies, hybrid, THC 24% 
Belladonna, sativa, THC 26% 
OG Diesel Kush, hybrid, THC 20% 
Dream Star, indica, THC 25% 
Black Magic, indica, THC 22% 
Mother’s Milk, sativa, THC 16% 
African, sativa, THC 10% 
GDP Electric, hybrid, THC 0% 
Ghetto Bird, hybrid, THC 0% 
Deep Breath, hybrid,  
Grandma's Batch, indica, THC 20% 
White Siberian, indica, THC 15% / CBD 4% 
Hawaiian Mayan Gold, sativa, THC 23% 
Hammershark, indica, THC 6% / CBD 6% 
Harley Storm, sativa, THC 1% / CBD 22% 
Juicy Jack, hybrid, THC 25% 
Horace, sativa, THC 30% 
Sugar Mama, hybrid, THC 19% 
Ray Charles, indica, THC 21% 
K-Train, hybrid, THC 22% 
Deep Cheese, indica, THC 0% 
Honey Rock, indica, THC 20% 
Cherry Durban Poison, sativa, THC 25% 
Puna Budder, hybrid, THC 22% 
White Cheese, hybrid, THC 16% / CBD 4% 
Sour Chocolate, sativa, THC 24% 
Rainbow Jones, indica, THC 18% 
Pirate Radio, sativa, THC 28% 
Blackberry Cream, indica, THC 25% 
Ether, indica, THC 21% 
G.O.A.T., sativa, THC 19% / CBD 19% 
Ace Killer OG, indica, THC 27% / CBD 2% 
Lucifer OG, indica, THC 0% 
Lost Coast Ghost, indica, THC 26% 
Mean Misty, sativa, THC 20% 
Mango Habanero, indica, THC 17% 
iPot, sativa, THC 22% 
Logic Diesel, hybrid, THC 25% 
Pagoda, sativa, THC 22% 
Pearl Scout Cookies, indica, THC 27% 
Little Devil, indica, THC 60% 
Pure Love, indica, THC 14% / CBD 28% 
Jack Widow, indica, THC 20% 
Industrial Plant, hybrid, THC 23% 
Negra 44, indica, THC 11% 
Jack Kush, sativa, THC 19% 
Majestic 12, hybrid, THC 0% 
Manitoba Poison, hybrid, THC 16% 
Maui Berry, indica, THC 16% 
Damn Sour, sativa, THC 22% 
Maui Bubble Gift, indica, THC 9% / CBD 11% 
Kelly Hill Gold, indica, THC 25% 
Mau-Mau, indica, THC 18% 
M-39, hybrid, THC 14% 
Little Dragon, sativa, THC 28% 
LA Jack, sativa, THC 24% 
LA Ultra, indica, THC 30% 
Lethal Purple, indica, THC 25% 
Travel Joint, indica, THC 24% 
Loyalty, indica, THC 25% 
Buddha's Tooth, indica, THC 26% 
Purple Sour Diesel, sativa, THC 21% 
Bazooka Joe, indica, THC 18% 
Higher Power, sativa, THC 24% 
Carpet Tape, hybrid, THC 27% 
California Love OG, hybrid, THC 23% 
King Kush, indica, THC 20% 
Chuck OG, hybrid, THC 29% 
Cookie Wreck, hybrid, THC 20% / CBD 4% 
Orange Skunk, sativa, THC 16% 
Purple Arrow, indica, THC 24% / CBD 4% 
Big Kush, hybrid, THC 25% 
Or, indica, THC 24% 
Gold King's Thai, sativa, THC 20% 
Brazil Amazonia, sativa, THC 19% 
Atomic Bomb, hybrid, THC 26% 
Early Miss, indica, THC 21% 
CBD Shark, indica, THC 10% / CBD 10% 
Black Cherry OG, hybrid, THC 18% 
Walter White, sativa, THC 21% 
LA Chocolat, indica, THC 29% 
OG Chem, sativa, THC 20% / CBD 1% 
Black Haze, sativa, THC 22% 
Bedford Glue, hybrid, THC 24% 
Buckeye Purple, indica, THC 20% 
Dutch Kush, indica, THC 25% 
Bubba Berry, indica, THC 17% 
Pacific Blue, indica, THC 28% 
Frida, indica, THC 1% / CBD 12% 
Critical 47, hybrid, THC 18% 
Blue Bastard, indica, THC 23% 
Titanium, hybrid, THC 22% 
Dreadlock, hybrid, THC 22% 
Fat Nelson, sativa, THC 22% 
God's Treat, indica, THC 22% 
Grand Hustle, hybrid, THC 23% 
Blue Galaxy, indica, THC 22% 
Glad Max, hybrid, THC 21% 
Cotton Purple Chem, hybrid, THC 20% 
Blue Mountain Fire, sativa, THC 15% 
Disney Blue, hybrid, THC 24% 
California Sour, hybrid, THC 20% 
Critical Skunk, sativa, THC 24% 
Cherry Grapefruit, sativa, THC 20% 
DJ Smoke, sativa, THC 18% 
Eugene Cream, indica, THC 16% 
Brainwreck, hybrid, THC 18% 
Cherry Sherbet, indica, THC 23% 
Blackberry Pie, hybrid, THC 19% 
Purple People Eater, indica, THC 23% 
Mexican, sativa, THC 16% 
Dutch Berry, sativa, THC 27% / CBD 8% 
Pie Face, indica, THC 19% 
Shoreline, sativa, THC 23% 
Blueberry Diesel, indica, THC 23% 
Big Wreck, indica, THC 27% 
Blueberry Yum Yum, sativa, THC 25% 
Mt Rainier, hybrid, THC 23% 
Maui, sativa, THC 26% 
Deep Sleep, indica, THC 20% 
Neptune OG, hybrid, THC 23% 
Mango Haze, hybrid, THC 19% 
Morning Star, sativa, THC 24% 
Mt Cook, indica, THC 23% 
Appalachia, hybrid, THC 21% 
Hog, indica, THC 23% 
LA Woman, hybrid, THC 28% 
Sugar Plum, sativa, THC 26% 
Blue Sky, indica, THC 19% 
Cherry Skunk, indica, THC 22% 
Mammoth, hybrid, THC 21% 
Willy Wonka, sativa, THC 28% 
Misty Morning, indica, THC 10% 
Golden Gage, sativa, THC 19% 
Electric Black Mamba, indica, THC 24% / CBD 2% 
Goat Head, sativa, THC 29% 
Gilz Nilz, hybrid, THC 0% 
Chloe, sativa, THC 23% 
Purple Dog Shit, indica, THC 20% 
Krystalica, sativa, THC 20% 
Critical Cheese, hybrid, THC 19% 
Northern Wreck, indica, THC 29% 
Mother's Finest, sativa, THC 19% 
Mother's Helper, hybrid, THC 25% 
Mercury OG, indica, THC 24% 
Rebel God Smoke, sativa, THC 28% 
The Third Dimension, sativa, THC 21% 
Eagle Bill, sativa, THC 20% 
Nexus OG, indica, THC 19% 
Easy Peezy, hybrid, THC 18% 
Ridge Berry, sativa, THC 16% 
X Wing, indica, THC 26% 
Alien Breath, hybrid, THC 0% 
North American Sativa, sativa, THC 11% 
NY Cheese, sativa, THC 15% 
Godzilla Glue, hybrid, THC 19% 
Nurse Jackie, sativa, THC 24% 
UBC Chemo, indica, THC 29% 
Double Dream, sativa, THC 26% 
Ill OG, indica, THC 23% 
Banana Split, indica, THC 25% 
NYPD, sativa, THC 24% 
Cheesequake, indica, THC 22% 
Super Critical, indica, THC 18% 
Green Candy, hybrid, THC 24% 
Pineapple Kush, indica, THC 17% 
Black Domina, indica, THC 20% 
Cherry OG, hybrid, THC 23% 
Jack's Girl, hybrid, THC 54% 
Purple Champagne, sativa, THC 29% 
Cookie Dough, hybrid, THC 25% 
Purple Widow, indica, THC 22% / CBD 1% 
Jack's Cleaner, sativa, THC 17% 
Chocolate Kush, indica, THC 28% 
Silver Kush, sativa, THC 24% 
Peyton Manning, sativa, THC 22% 
Dutch Dragon, sativa, THC 20% 
Charlotte's Web, hybrid, THC 1% / CBD 12% 
Gypsy Kush, indica, THC 20% 
Ice, hybrid, THC 20% 
Super Silver Lights, indica, THC 23% / CBD 1% 
The Real McCoy, sativa, THC 14% / CBD 1% 
Sumo's OG Kush, indica, THC 20% / CBD 3% 
Summer Breeze, hybrid, THC 23% / CBD 1% 
Sweet Pure CBD, sativa, THC 1% / CBD 15% 
Sweet Jesus, sativa,  
Sweet Harlem Diesel, sativa, THC 16% 
Beyond the Brain, sativa, THC 25% / CBD 1% 
Diamond Socks, hybrid, THC 24% 
Tangie Cookies, sativa, THC 28% / CBD 1% 
Sun Ra, sativa, THC 29% 
Tardis, sativa, THC 27% / CBD 1% 
Sour Willie, sativa, THC 29% 
Emperor Cookie Dough, sativa, THC 31% 
Super G, sativa, THC 17% 
Zeta Sage, hybrid, THC 28% 
Super Sour Lemon, sativa, THC 21% 
Astral Works, hybrid, THC 11% / CBD 7% 
Strawberry Blonde, sativa, THC 25% / CBD 1% 
Black Tuna, hybrid, THC 20% 
Heavy Duty Fruity, sativa, THC 26% 
Spyder Mon, sativa, THC 3% / CBD 7% 
The Vision, indica, THC 15% 
Sour Spyder, indica, THC 20% 
Chocolate Skunk, sativa, THC 26% 
Cherry Sauce, hybrid, THC 25% 
Chocolate OG, indica, THC 29% 
Kashmir Kush, hybrid, THC 23% 
Jah Goo, hybrid, THC 18% 
Joliet Jake, indica, THC 22% 
Jawa Pie, indica, THC 20% 
Mountain Thunder, sativa, THC 21% 
Mud Bite, indica, THC 0% 
Pinot Green, sativa, THC 23% 
Tangerine Man, sativa, THC 18% 
Kubbie Kush, indica, THC 22% 
Purple Martian Kush, indica, THC 21% 
Morning Glory, sativa, THC 20% 
Inferno Haze, hybrid, THC 23% / CBD 3% 
Motavation, indica, THC 18% 
Cronuts, indica, THC 20% 
Moonbeam, indica, THC 28% 
Tuna Kush, indica, THC 18% 
Sweet Berry, hybrid, THC 21% / CBD 1% 
Purple Goat, sativa, THC 19% 
Toxic Punch, hybrid, THC 25% 
Jock Horror, sativa, THC 24% 
Confidential Wreck, hybrid, THC 22% 
Banana Candy, indica, THC 24% 
Kuchi, indica, THC 22% 
Kurple Fantasy, indica, THC 23% / CBD 1% 
Ninja Fruit, hybrid, THC 16% 
Trojan, indica, THC 19% 
Flash Back, sativa, THC 18% 
Laughing Gas, sativa, THC 24% 
Lazy Train, sativa, THC 20% 
Northwest Pineapple, indica, THC 25% 
OG Los Angeles Kush, indica, THC 27% 
Race Fuel OG, hybrid, THC 19% 
Lavender Kush, indica, THC 18% 
Little Angel, hybrid, THC 15% 
Dark Blue Dream, hybrid, THC 15% 
Michigan Skunk, indica, THC 17% 
Blue Kush, hybrid, THC 18% 
White Dwarf, indica, THC 15% 
Dynamite, indica, THC 24% 
Yumboldt, indica, THC 20% 
Pine Queen Dream, sativa, THC 27% 
Qleaner, sativa, THC 20% 
Sour Bubble, indica, THC 28% 
Wreckage, hybrid, THC 21% 
Think Different, sativa, THC 18% 
Quebec Gold, hybrid, THC 26% 
Buddha Haze, sativa, THC 26% 
Cindy White, hybrid, THC 22% 
Blue Steel, indica, THC 26% 
Sour Dream, sativa, THC 21% 
Citrus Punch, sativa, THC 19% 
Hollywood OG, hybrid, THC 20% 
Green Monster, hybrid, THC 27% 
Strawberry OG, sativa, THC 23% 
Apple Kush, indica, THC 20% 
Double Diesel, sativa, THC 22% 
Black Bubba, indica, THC 24% 
Pluto Kush, indica, THC 21% 
Nepalese Dragon, hybrid, THC 17% 
Timewreck, sativa, THC 27% 
Fallen Angel, indica, THC 18% 
Blue Lights, indica, THC 16% 
Velvet Bud, sativa, THC 23% 
Rock Bud, indica, THC 16% 
Red Widow, hybrid, THC 18% 
Destroyer, sativa, THC 23% 
White Gorilla, indica, THC 25% 
Apricot Jelly, hybrid, THC 0% 
Pink Death Star, indica, THC 23% 
White Durban, hybrid, THC 19% 
Strawberry Milkshake, hybrid, THC 20% 
White Strawberry, hybrid, THC 18% 
The Flav, indica, THC 24% 
A-Dub, hybrid, THC 30% 
Grandpa Larry OG, indica, THC 19% 
Bubba's Gift, indica, THC 20% 
Very Berry Haze, sativa, THC 18% / CBD 1% 
Pineapple Cookies, indica, THC 17% 
Lemon Fire, hybrid, THC 24% 
Master Yoda, hybrid, THC 28% 
Oaxacan Highland, sativa, THC 23% 
Purple Goo, hybrid, THC 21% 
Sour Candy, sativa, THC 16% 
Power Kush, hybrid, THC 19% / CBD 0% 
Super Cheese, indica, THC 25% 
Blueberry Dream, sativa, THC 26% 
Cactus, sativa, THC 24% 
Ancient OG, indica, THC 21% 
Pink Berry, indica, THC 21% 
Chocolate Lava, hybrid, THC 30% 
Burmese Kush, hybrid, THC 18% 
Orange Diesel, sativa, THC 16% 
Catfish, sativa, THC 20% 
Placenta, indica, THC 22% 
Rainbow Kush, indica, THC 17% / CBD 1% 
Critical Plus, hybrid, THC 20% 
Chemdawg Sour Diesel, sativa, THC 26% / CBD 0% 
B. Lee, sativa, THC 20% 
Raw Diesel, hybrid, THC 19% 
Golden Pineapple, hybrid, THC 29% / CBD 0% 
Fruit Loops, indica, THC 19% 
New Glue, indica, THC 30% 
Big Skunk Korean, hybrid, THC 19% 
Raspberry Kush, indica, THC 17% / CBD 0% 
Hawaiian Skunk, indica, THC 17% 
Flying Dragon, hybrid, THC 18% 
Medicine Woman, sativa, THC 24% 
Gandalf OG, indica, THC 28% 
Purple Trainwreck, hybrid, THC 26% / CBD 2% 
Hurricane, sativa, THC 18% / CBD 15% 
Purple Headband, indica, THC 28% 
Early Pearl, sativa, THC 24% 
Nightmare Cookies, sativa, THC 24% 
A-10, indica, THC 18% / CBD 11% 
Blue Dragon, indica, THC 24% 
Canna-Tsu, hybrid, THC 11% / CBD 11% 
Golden Tiger, sativa, THC 24% 
Liberty Haze, hybrid, THC 29% 
Medicine Man, indica, THC 23% 
Permafrost, sativa, THC 18% 
Banana OG, indica, THC 25% 
707 Headband, indica, THC 24% 
Scott's OG, indica, THC 26% 
Purple Thai, sativa, THC 24% 
Brian Berry Cough, hybrid, THC 20% 
Diamond OG, indica, THC 22% 
Pink Lemonade, indica, THC 22% 
Lemon Sativa, sativa, THC 25% 
Blue Crack, sativa, THC 22% 
Sour Kush, indica, THC 26% 
Sour Tangie, sativa, THC 30% 
Thai Sticks, sativa, THC 18% 
East Coast Sour Diesel, sativa, THC 25% 
Runtz, hybrid, THC 0% 
Black Cheese, indica, THC 23% 
Citrus Sunshine Haze, sativa, THC 30% 
Kali Mist, sativa, THC 15% 
Afghani, indica, THC 21% / CBD 1% 
The Black, indica, THC 18% 
Cheese, indica, THC 20% 
Golden Lemon, indica, THC 23% 
Coyote Art, hybrid,  
Critical Purple Kush, hybrid, THC 18% 
Critical Soma, indica, THC 20% 
Animal Gas, indica, THC 0% 
Sour Chunk, sativa, THC 12% 
Coconut Oil, sativa, THC 19% 
Sorcerer's Apprentice, indica, THC 20% 
Sonic Screwdriver, sativa, THC 15% 
Blue Lemon, indica, THC 25% 
Memory Loss, sativa, THC 28% 
Russian Assassin, indica, THC 23% 
Sensi Skunk, indica, THC 28% 
Lemon Pie, sativa, THC 22% 
LA Kookies, hybrid, THC 24% 
Magic Beans OG, indica, THC 18% 
Lemonhead OG, sativa, THC 24% / CBD 1% 
Magellan, indica, THC 30% 
Mataro Blue, indica, THC 25% / CBD 1% 
Desert Star, hybrid, THC 15% 
Gooberry, hybrid, THC 20% 
Shark Attack, indica, THC 16% / CBD 10% 
Doctor Doctor, sativa, THC 3% / CBD 20% 
The Wills, indica, THC 35% 
Seattle Summer, sativa,  
Crockett's Haze, sativa, THC 20% 
Swiss, indica, THC 0% 
Gorilla Snacks, hybrid, THC 31% 
White Lotus, hybrid, THC 22% 
Blue Rhino, indica, THC 18% / CBD 2% 
Starfighter, indica, THC 26% 
Diesel Glue, sativa, THC 20% 
Dirty Old Bastard, indica, THC 14% 
Dirty Widow, sativa, THC 22% 
DJ Andy Williams, sativa, THC 20% 
Ed Rosenthal Super Bud, indica, THC 19% 
White Elephant, hybrid, THC 23% 
Caramelo, sativa, THC 31% 
Blue Satellite, hybrid, THC 22% 
Tiger's Milk, hybrid, THC 17% 
Blue Train, hybrid, THC 20% 
Crosswalker, indica, THC 22% 
Chocolate Thunder, sativa, THC 15% 
Alien Apparition, indica, THC 20% 
Sour Cream, sativa, THC 17% 
Lemon Wreck, sativa, THC 20% 
Kali Dog, sativa, THC 26% 
Green Magic, indica, THC 19% / CBD 1% 
Lime Tart, indica, THC 20% 
Blue Wolf, sativa, THC 0% 
Blush, hybrid, THC 0% 
Pineapple Haze, sativa, THC 22% 
Big Bull, indica, THC 20% 
Julius Caesar, hybrid, THC 20% 
Lost Sierra Night Nurse, hybrid, THC 24% / CBD 1% 
Cobbler, sativa, THC 0% 
Black D.O.G., indica, THC 0% 
Golden Panda, sativa, THC 30% 
Project Blue Book, hybrid, THC 22% 
Honey Bananas, hybrid, THC 22% 
White Lavender, hybrid, THC 19% 
CBD Dancehall, sativa, THC 9% / CBD 15% 
Sugar Kush, indica, THC 20% 
Big Mac, indica, THC 0% 
Cali Jack, indica, THC 20% 
Mother of Berries, indica, THC 24% 
White Dawg, hybrid, THC 20% 
Berry Larry, indica, THC 22% 
Sour Power, sativa, THC 29% 
Barbara Bud, indica, THC 19% 
Burnt Cookies, hybrid, THC 24% 
Captain America OG, hybrid, THC 25% / CBD 1% 
Future, hybrid, THC 24% 
Green Haze, sativa, THC 28% 
Good Medicine, sativa, THC 8% / CBD 9% 
Georgia Pine, hybrid, THC 20% 
Kid N Kookies, indica, THC 22% 
Yogi Diesel, sativa, THC 25% 
Flo Walker, indica, THC 18% 
Tweed CBD, hybrid, THC 0% 
Donegal, sativa, THC 19% 
Big Holy Nina, sativa, THC 15% 
StarRyder, indica, THC 19% 
Gravity, hybrid, THC 20% / CBD 1% 
Green Avenger, hybrid, THC 22% 
Chocolope Kush, indica, THC 20% 
Purple Star, indica, THC 13% 
Ghost Ship, indica, THC 20% 
Fire Alien Kush, hybrid, THC 20% 
Houndstooth, sativa, THC 20% 
Dream Beaver, sativa, THC 26% 
Pineapple Super Silver Haze, sativa, THC 23% 
Isla OG, hybrid, THC 27% 
Ancient Kush, indica, THC 21% 
Xanadu, sativa, THC 18% 
Blue Wreck, hybrid, THC 24% 
Django, hybrid, THC 17% / CBD 2% 
Baker's Delight, indica, THC 20% 
Blowfish, indica, THC 26% 
Sour Banana Sherbet, hybrid, THC 24% 
Frisian Dew, hybrid, THC 17% 
Venom OG, hybrid, THC 27% 
Black Betty, hybrid, THC 26% / CBD 4% 
Professor Chaos, sativa, THC 25% 
Pez, indica, THC 27% 
Orange Cookies, indica, THC 20% 
Tangie Biscotti, hybrid, THC 32% / CBD 1% 
Jolly Rancher, hybrid, THC 20% 
Starry Night, hybrid, THC 25% 
Super Glue, indica, THC 28% 
Purple Cream, hybrid, THC 24% 
Dr. Who, hybrid, THC 30% 
Captain's Cake, indica, THC 24% / CBD 15% 
Glass Apple, sativa, THC 23% 
Mochi, sativa, THC 29% 
Grandpa's Breath, indica, THC 20% 
Ingrid, indica, THC 25% 
Burkle, indica, THC 27% 
Sour Apple, indica, THC 27% 
Aloha, sativa, THC 24% 
Patti Cake, hybrid, THC 23% 
Chocolate Thai, sativa, THC 15% 
Pre-98 Bubba Kush, indica, THC 28% 
Ogre Kush, indica, THC 27% 
Cookies and Cream, hybrid, THC 25% 
Bubblegum Kush, indica, THC 23% 
Triangle Kush, indica, THC 26% 
Mendo Breath, indica, THC 20% 
Great White Shark, indica, THC 24% 
XJ-13, hybrid, THC 24% 
Lodi Dodi, sativa, THC 28% 
Platinum OG, indica, THC 24% 
Snoop's Dream, hybrid, THC 25% 
God's Green Crack, hybrid, THC 25% 
Platinum Girl Scout Cookies, indica, THC 24% 
Greek Kalamata, sativa, THC 0% 
Nerds, hybrid, THC 17% 
Gorilla Cookies, sativa, THC 19% 
Cherry Kush, indica, THC 18% 
Blue Magic, hybrid, THC 23% 
Star Killer, indica, THC 29% 
Wonder Woman, sativa, THC 20% 
Incredible Hulk, sativa, THC 24% 
Romulan, indica, THC 20% 
Mako Haze, sativa, THC 21% 
Citrus Sap, sativa, THC 24% 
Molokai Frost, sativa, THC 26% 
Pandora's Box, sativa, THC 19% 
SAGE, sativa, THC 25% 
Purple Diesel, sativa, THC 21% 
Mango, hybrid, THC 24% 
OGKB, indica, THC 25% 
Old Toby, indica, THC 18% / CBD 10% 
Grapefruit Kush, indica, THC 22% / CBD 1% 
Chronic, sativa, THC 20% / CBD 3% 
Blue God, indica, THC 20% 
Hardcore OG, indica, THC 28% 
Super Jack, sativa, THC 24% 
Bio Jesus, hybrid, THC 30% 
White Castle, indica, THC 19% 
Somango, indica, THC 23% 
GMO Cookies, indica, THC 33% 
Strawberry Diesel, hybrid, THC 27% 
C. Banana, hybrid, THC 34% 
Cherry Kola, indica, THC 25% 
Hawaiian Punch, sativa, THC 25% 
Platinum Kush, indica, THC 17% 
Recon, indica, THC 23% 
G-13, indica, THC 27% 
Tutti Frutti, hybrid, THC 23% 
Lifesaver, hybrid, THC 21% 
Lucid Dream, sativa, THC 28% 
Early Girl, indica, THC 20% 
Haole, indica, THC 17% 
West OG, indica, THC 22% 
White Zombie, indica, THC 19% 
The Blood, sativa, THC 26% 
Trident, hybrid, THC 6% / CBD 15% 
Atomic Goat, hybrid, THC 21% 
Sweet Diesel, sativa, THC 18% 
Truth Serum, hybrid, THC 22% 
Big Sky OG, hybrid, THC 17% / CBD 1% 
The Sheriff, hybrid, THC 19% 
Blaze, sativa, THC 20% 
Alaska, sativa, THC 31% 
Alien Reunion, hybrid, THC 28% 
White OG, hybrid, THC 24% 
B-52, indica, THC 18% 
Afghan Skunk, indica, THC 18% 
Blockhead, indica, THC 23% 
Tokyo OG, indica, THC 24% 
White Fire 43, indica, THC 30% / CBD 5% 
Aberdeen, sativa, THC 15% 
Madness, hybrid, THC 18% 
Dream Berry, indica, THC 20% 
Chronic Thunder, indica, THC 20% 
Dream Machine, indica, THC 19% / CBD 2% 
Blue Hash, indica, THC 19% / CBD 1% 
Orange Velvet, hybrid, THC 22% 
Sour Alien, sativa, THC 16% 
Sapphire Star, hybrid, THC 24% 
Shaman, sativa, THC 18% 
Cookies and Dream, sativa, THC 24% 
Walker Kush, indica, THC 20% 
Alpha OG, indica, THC 24% 
Batman OG, indica, THC 25% 
Glue Tech, indica, THC 24% 
Fifth Element, indica, THC 22% 
Urban Poison, sativa, THC 25% 
Jack Diesel, sativa, THC 23% 
Pineapple Diesel, hybrid, THC 18% 
Space Candy, hybrid, THC 22% 
Mickey Kush, sativa, THC 25% 
Blues, sativa, THC 16% 
Electric Lemon G, sativa, THC 21% 
Suzy Q, hybrid, THC 1% / CBD 25% 
Butterscotch, hybrid, THC 21% / CBD 2% 
Hawaiian, sativa, THC 25% / CBD 1% 
I-95, hybrid, THC 24% 
K1, sativa, THC 16% 
White Dream, hybrid, THC 24% 
Green Kush, hybrid, THC 24% 
Blue Monster, indica, THC 23% 
Agent Tangie, sativa, THC 18% 
Obsession, indica, THC 19% 
Selene, hybrid, THC 22% 
Jorge's Diamonds #1, indica, THC 18% 
Cannalope Kush, sativa, THC 22% 
Mazar, indica, THC 20% 
Sirius Black, indica, THC 25% 
Sour Bubba, sativa, THC 31% 
Full Moon, sativa, THC 24% 
Jack Flash, indica, THC 20% 
Area 51, hybrid, THC 23% 
In The Pines, sativa, THC 7% / CBD 12% 
Strawberry Fields, indica, THC 24% / CBD 1% 
White Queen, indica, THC 25% 
Moonshine Haze, sativa, THC 25% 
Pink Panties, indica, THC 24% 
Red Cherry Berry, hybrid, THC 22% / CBD 1% 
Sour Pebbles, hybrid, THC 25% 
Supernatural, sativa, THC 22% 
Alpha Cow, sativa, THC 22% 
Big Sur Holy Bud, sativa, THC 26% 
Mega Jackpot, sativa, THC 25% 
Hong Kong, hybrid, THC 25% 
Royal Dutch, hybrid, THC 21% 
Black Cherry Cheesecake, indica, THC 24% 
Green Goddess, indica, THC 20% 
Crown OG, indica, THC 28% 
Pink Champagne, indica, THC 23% 
Triple Diesel, hybrid, THC 22% 
Blueberry Cheesecake, sativa, THC 20% 
P-91, hybrid, THC 20% 
Wonder Haze, sativa, THC 22% 
Sublime, sativa, THC 26% 
Swiss Gold, indica, THC 7% / CBD 7% 
The Doctor, indica, THC 23% 
Sour Haze, sativa, THC 26% 
Blue Jay Way, hybrid, THC 8% / CBD 16% 
Blue Power, indica, THC 27% 
Alien Rock Candy, indica, THC 18% 
Whitaker Blues, indica, THC 28% 
Cannasutra, indica, THC 23% 
Golden Ticket, hybrid, THC 26% 
Lemon Kush, hybrid, THC 26% / CBD 6% 
SFV OG Kush, indica, THC 19% 
Jack the Ripper, sativa, THC 17% 
Lavender, indica, THC 20% / CBD 1% 
Querkle, indica, THC 35% 
Death Star, indica, THC 26% 
Mendocino Purps, indica, THC 20% 
Trinity, sativa, THC 20% 
Blueberry Kush, indica, THC 24% 
Ghost Train Haze, sativa, THC 25% 
Grape Ape, indica, THC 25% 
Super Lemon Haze, sativa, THC 25% 
Blackberry Kush, indica, THC 20% 
Grease Monkey, hybrid, THC 30% 
Zkittlez, indica, THC 23% 
Trump OG, indica, THC 20% 
Purple Punch, indica, THC 20% / CBD 1% 
Casey Jones, sativa, THC 22% 
Purple Haze, sativa, THC 20% 
Purple Urkle, indica, THC 26% 
Master Kush, indica, THC 20% 
Thin Mint Cookies, hybrid, THC 24% 
Golden Goat, sativa, THC 23% / CBD 1% 
Papaya, indica, THC 25% 
French Toast, hybrid, THC 0% 
840, hybrid, THC 0% 
Blue Moonshine, indica, THC 16% 
Blackberry x Blueberry, indica, THC 19% 
Double Tap, indica, THC 24% 
Platinum Purple Kush, indica, THC 23% 
Swiss Sativa, sativa, THC 10% 
Paris XXX, indica, THC 24% 
Cherry Thunder Fuck, indica, THC 26% 
Brain Candy, hybrid, THC 23% 
Jenni, sativa, THC 11% 
Blackberry Trainwreck, hybrid, THC 20% 
California Limes, sativa, THC 25% 
Hercules, sativa, THC 21% 
Grand Poobah, indica, THC 22% 
Bubba Fresh, indica, THC 23% 
Blueberry Space Cake, indica, THC 0% 
Shark Bite, hybrid, THC 24% / CBD 1% 
Harmony, hybrid, THC 16% 
Supernova, indica, THC 25% 
Rebel Berry OG, sativa, THC 15% 
Lemon Bananas, hybrid, THC 27% 
White Walker Kush, indica, THC 22% 
Jack 47, sativa, THC 24% / CBD 2% 
ICED Grapefruit, sativa, THC 24% 
Purple Animal Cookies, indica,  
Grapefruit Haze, hybrid, THC 25% 
Black Label, hybrid, THC 24% 
Black Raspberry, indica, THC 24% 
Blue Fire, indica, THC 24% 
Fruity Widow, indica, THC 20% 
Burning Desire, hybrid, THC 22% 
Cadillac Cookies, indica,  
Cali Dragon, indica, THC 29% 
California Orange Cheese, indica,  
KT Dawg, hybrid, THC 15% 
Candy Apple, sativa, THC 22% 
Chardonnay, indica, THC 1% / CBD 15% 
Caramel Cake, sativa, THC 20% 
Galactica OG, indica, THC 25% 
Cheese Dawg, indica, THC 23% 
Chem Berry Diesel, sativa, THC 32% 
Chem Cookies, indica, THC 30% 
Sister Glue, indica, THC 30% / CBD 2% 
Skunk+, indica, THC 16% 
Sky Lotus, indica, THC 30% 
Sky Master, sativa, THC 31% / CBD 1% 
Cherry Fuel, indica,  
Super Cat Piss, sativa, THC 18% 
Nordle, hybrid, THC 8% / CBD 8% 
NightFire OG, sativa, THC 23% 
8 Miles High, sativa, THC 23% 
Orange Durban, sativa, THC 20% 
Cluster Bomb, hybrid, THC 20% 
Lemon OG Haze, sativa, THC 16% / CBD 2% 
Southern Lights, sativa, THC 25% 
Lemon Alien Dawg, indica, THC 17% 
Longbottom Leaf, sativa, THC 24% / CBD 1% 
Orange Snow Cone, sativa, THC 0% 
Lemonberry, sativa, THC 22% / CBD 1% 
Pan Jam, sativa, THC 0% 
Peachy Mack, sativa, THC 0% 
Silver Back, indica, THC 23% 
Ultra Sonja, sativa, THC 22% 
Northernberry, hybrid, THC 17% 
Ocean View, sativa, THC 16% 
Kush Cleaner, hybrid, THC 26% 
OG Wreck, sativa, THC 18% 
Pineapple Trainwreck, sativa, THC 22% 
Ripped Bubba, indica, THC 26% 
OG's Pearl, indica, THC 26% 
Palm Tree CBD, indica, THC 13% / CBD 13% 
Snow Monster, indica, THC 25% 
Poison Haze, sativa, THC 24% 
Sour Poison, sativa, THC 26% 
Chem's Sister, sativa, THC 28% 
Q3, hybrid, THC 24% 
Terminator OG, indica, THC 24% 
The Sister, indica, THC 21% 
Purple Maui, sativa, THC 22% 
Nicole Kush, indica, THC 25% 
Russian Rocket Fuel, indica, THC 29% 
Summertime Squeeze, sativa, THC 17% 
Quick One, indica, THC 13% 
Purple Dragon, sativa, THC 20% 
Connie Chung, indica, THC 24% 
Four Cups, indica, THC 0% 
Sunshine #4, hybrid, THC 31% 
Four Star General, indica, THC 30% 
Royal Cheese, indica, THC 16% 
Organic Diesel, sativa, THC 28% 
Neil Haze, sativa, THC 20% 
Ultraviolet, sativa, THC 21% 
1024, sativa, THC 25% / CBD 4% 
3 Bears OG, indica, THC 0% 
Super Snow Dog, hybrid, THC 21% 
Purple Jolly Rancher, indica, THC 17% 
Purple Bud, indica, THC 20% 
Redd Cross, hybrid, THC 20% / CBD 8% 
Monster OG, indica, THC 26% 
Nepalese Jam, sativa, THC 18% 
Legendary Lemon, sativa, THC 22% 
Alpine Blue, sativa, THC 17% 
98 White Widow, indica, THC 20% 
Chemdawg 91, hybrid, THC 24% 
Blue Ivy, indica, THC 20% 
Irene Kush, sativa, THC 22% 
Fruit Crusher, hybrid, THC 26% 
Blueberry Muffins, indica, THC 19% 
Wet Dream, sativa, THC 22% 
Pineapple Jack, hybrid, THC 20% 
White Berry, indica, THC 22% 
Kimbo Kush, indica, THC 27% 
Pineapple OG, sativa, THC 26% 
Wappa, indica, THC 22% 
Original Glue, indica, THC 30% 
Snowland, indica, THC 27% 
Purple Gorilla, indica, THC 21% 
Carl Sagan, sativa, THC 22% 
Love Potion #9, indica, THC 26% 
Green Love Potion, indica, THC 24% 
Sweet Cheese, sativa, THC 21% 
Black Velvet, hybrid, THC 20% 
Birds Eye, hybrid, THC 25% 
Enigma, sativa, THC 24% 
Seattle Blue, hybrid, THC 20% 
Jack Haze, hybrid, THC 22% 
Hippie Chicken, sativa, THC 23% 
Asian Fantasy, sativa, THC 24% 
Chocolate Tonic, sativa, THC 18% / CBD 18% 
Double OG, indica, THC 26% 
The Sauce, sativa, THC 28% 
Harry Potter, hybrid, THC 17% 
Lemon Marmalade, hybrid, THC 27% 
Rogue Thunder, hybrid, THC 15% 
Cabbage Patch, hybrid, THC 27% 
Panda OG, sativa, THC 25% 
Strawberry Blue, sativa, THC 20% 
Tora Bora, indica, THC 22% 
Azure Haze, indica, THC 20% 
Dreamer's Glass, sativa, THC 22% 
Light of Jah, sativa, THC 26% 
Pineapple Punch, sativa, THC 15% 
Rug Burn OG, indica, THC 26% 
THC Bomb, hybrid, THC 26% 
LA OG, hybrid, THC 24% 
Ice Wreck, hybrid, THC 28% 
Herojuana, indica, THC 29% 
Syrup OG, indica, THC 30% 
Zombie OG, indica, THC 21% / CBD 0% 
Grape Stomper, sativa, THC 22% / CBD 1% 
U Pink Kush, indica, THC 18% 
Nepali OG, indica, THC 21% / CBD 0% 
Blueberry Pie, hybrid, THC 20% 
Tres Dawg, hybrid, THC 25% / CBD 1% 
Painkiller, indica, THC 18% 
Chemdawg 4, indica, THC 28% 
Star Berry, indica, THC 20% 
Jean Guy, sativa, THC 25% 
Sonoma Coma, sativa, THC 25% 
White Russian, hybrid, THC 22% 
Juicy Fruit, sativa, THC 20% 
Mr. Nice, indica, THC 20% 
Blueberry Skunk, indica, THC 22% 
El Nino, indica, THC 15% / CBD 1% 
Arcata Trainwreck, sativa, THC 26% / CBD 0% 
Blackwater, indica, THC 20% 
Headbanger, sativa, THC 28% 
Cookie Jar, indica, THC 24% 
Grape Drink, indica, THC 23% 
Grape Soda, indica, THC 30% 
Malawi, sativa, THC 24% 
Middlefork, sativa, THC 26% 
Jack's Dream, sativa, THC 15% 
Honduras, sativa, THC 13% 
GTO, hybrid,  
Karma OG, indica, THC 28% 
Green Line OG, hybrid, THC 29% 
Jimi Hendrix, hybrid, THC 17% 
Serious 6, hybrid, THC 17% 
Pink Pez, hybrid, THC 23% 
Colorado Chem, hybrid, THC 22% 
Crown Royale, indica, THC 22% 
Gummy Bears, hybrid,  
Dream Lotus, hybrid, THC 21% 
Holy Ghost, hybrid, THC 28% 
Jamaican Lion, hybrid, THC 18% / CBD 18% 
Hawaiian Delight, hybrid, THC 20% 
Hades Haze, indica, THC 20% 
Rene, sativa, THC 18% 
Grape Cookies, indica, THC 24% 
Hammerhead, indica, THC 25% / CBD 2% 
Key Lime Haze, indica, THC 23% 
X Files, hybrid, THC 22% 
Killer Grape, hybrid, THC 20% 
Kobain Kush, indica, THC 24% 
Kraken, indica, THC 15% 
Stardawg Guava, sativa, THC 26% 
Blue Puff, sativa, THC 23% 
Bubble Bomb, indica, THC 20% 
Serious Happiness, hybrid, THC 19% / CBD 1% 
Shining Silver Haze, sativa, THC 21% 
The Wife, hybrid, THC 1% / CBD 20% 
Strawberry Amnesia, sativa, THC 22% 
Strawberry Satori, sativa, THC 23% 
Supermax OG, indica, THC 23% 
Tahoe Hydro OG, indica, THC 30% 
Tangilope, sativa, THC 22% 
The Grunk, sativa, THC 24% 
El Perro, hybrid, THC 20% / CBD 1% 
Air Jordan OG, indica, THC 20% 
Thelonious Skunk, sativa, THC 23% 
Keystone Kush, indica, THC 0% 
Allen Wrench, sativa, THC 28% 
TJ's CBD, hybrid, THC 8% / CBD 12% 
Ghost Rider OG, hybrid, THC 22% 
Bloo's Kloos, indica, THC 17% / CBD 5% 
Blue Afghani, indica, THC 19% / CBD 1% 
Blueberry AK, sativa, THC 20% / CBD 1% 
Blueberry Essence, indica, THC 15% / CBD 10% 
Blueberry Lambsbread, hybrid, THC 16% 
Sour Flower, hybrid, THC 23% 
Blueberry Pancakes, indica, THC 20% 
Booger, hybrid, THC 24% 
Brainstorm Haze, sativa, THC 23% 
Gorilla OG, indica, THC 22% 
Colorado Bubba, indica, THC 27% 
Confidential Cheese, indica, THC 21% 
Crater Lake, hybrid, THC 17% 
Pink Sunset, indica, THC 27% 
Pestilence, indica, THC 22% 
Bugatti OG, hybrid, THC 33% / CBD 1% 
Pink Mango, sativa, THC 21% 
Silver Cindy, sativa, THC 19% 
Six Shooter, hybrid, THC 25% 
Snow Leopard, indica, THC 30% 
Purple Tonic, indica, THC 23% 
Panama Punch, sativa, THC 23% 
Snowcap, hybrid, THC 24% / CBD 4% 
P-51, indica, THC 23% 
Purple Linda, indica, THC 16% 
Betty Boo, indica, THC 16% 
Blue Champagne, sativa, THC 25% / CBD 1% 
Purple Nepal, indica, THC 25% 
Glass Slipper, sativa, THC 25% 
Albert Walker, indica, THC 15% 
Plushberry, hybrid, THC 20% / CBD 0% 
Appleberry, indica, THC 20% 
Big Bang, indica, THC 19% 
William's Wonder, indica, THC 21% 
Lowryder, sativa, THC 14% 
Master Jedi, hybrid, THC 25% 
Punky Lion, indica, THC 19% / CBD 1% 
Flowerbomb Kush, sativa, THC 19% 
Apollo Haze, sativa, THC 20% 
Y Griega, sativa, THC 27% 
Cannalope Haze, sativa, THC 20% 
Exile, indica, THC 18% 
Blue Dynamite, indica, THC 18% 
Purple Tide, hybrid, THC 25% 
Mace Windu, indica, THC 16% 
BC Roadkill, indica, THC 25% 
Purple Rhino, indica, THC 20% / CBD 1% 
Sand Storm, indica, THC 16% 
Gobbstopper, hybrid, THC 21% 
3x Crazy, hybrid, THC 23% 
Twilight, indica, THC 21% 
Narnia, sativa, THC 25% 
Boy Scout Cookies, hybrid, THC 24% 
Blue OG, indica, THC 19% 
Space Needle, sativa, THC 20% 
Mad Scientist, indica, THC 24% 
Bay 11, sativa, THC 25% 
Atomic Northern Lights, indica, THC 24% 
Kona Gold, sativa, THC 15% 
Lemon Drop, sativa, THC 23% 
24K Gold, indica, THC 24% 
Snow Lotus, indica, THC 25% 
Haze Berry, sativa, THC 22% 
Candy Cane, indica, THC 20% 
Blue Diamond, indica, THC 24% / CBD 1% 
Dog Shit, sativa, THC 26% 
Blue Thai, hybrid, THC 21% 
Emerald Jack, sativa, THC 20% 
Chem Willie, sativa, THC 31% 
Locomotion, indica, THC 23% 
Pure Kush, indica, THC 24% 
Shark's Breath, indica, THC 26% 
Slimer OG, indica, THC 23% 
Medical 49, indica, THC 8% / CBD 8% 
SeattleSoda, hybrid, THC 0% 
Red Haze, sativa, THC 22% 
Princess's Tiara, hybrid, THC 22% 
Sequoia Strawberry, sativa, THC 23% 
Purple Paralysis, sativa, THC 22% 
Slazerbeam, sativa, THC 22% 
Champagne Diesel, sativa, THC 23% / CBD 1% 
Chem Beyond Diesel CBD, indica, THC 12% / CBD 15% 
Congo, sativa, THC 20% 
Mr Tusk, indica, THC 22% 
Mother Tongue, sativa, THC 18% 
PVC OG, hybrid, THC 20% 
City of God, indica, THC 33% 
Gemstone, hybrid, THC 21% 
Dragon OG, sativa, THC 28% 
Dutch Haze, sativa, THC 27% 
Dr. Quantum, indica, THC 27% 
Mission Kush, sativa, THC 24% 
Waldo, sativa, THC 19% 
Red Velvet Pie, hybrid, THC 20% / CBD 1% 
Rocky Mountain High, indica, THC 20% / CBD 2% 
Purple Pinecone, indica, THC 18% 
OCD, sativa, THC 0% 
Oregon Pinot Noir, sativa, THC 28% 
Sapphire Scout, hybrid, THC 30% 
Nice Cherry, indica, THC 21% 
South Indian Indica, indica, THC 12% 
Alchemy, hybrid, THC 22% / CBD 8% 
Eldorado, sativa, THC 20% 
Mango Dream, hybrid, THC 23% 
The Cough, sativa, THC 22% 
Royal Chemdawg, indica, THC 25% 
Medibud, indica, THC 17% / CBD 1% 
Grand Hindu, indica, THC 30% 
Critical Hog, hybrid, THC 19% 
Kings Kush, indica, THC 20% 
Cherry Pie Kush, sativa, THC 21% 
White Dragon, indica, THC 22% 
Afternoon Delight, sativa, THC 18% 
Critical Sensi Star, indica, THC 21% 
Schrom, sativa, THC 18% 
Rollex OG Kush, indica, THC 23% 
SinMint Cookies, indica, THC 16% 
Rockstar Master Kush, indica, THC 15% / CBD 1% 
Pineapple Dog Shit, sativa, THC 26% 
Four way, indica, THC 20% 
Buffalo Bill, sativa, THC 28% 
Avi, hybrid, THC 5% / CBD 10% 
Fat Albert, indica, THC 22% 
Star Tonic, hybrid, THC 11% / CBD 16% 
Black Dahlia, indica, THC 15% 
BSC, hybrid, THC 23% 
El-Na, indica, THC 10% 
Blue Treat, indica, THC 22% 
Diesel Duff, sativa, THC 17% 
Wally OG, hybrid, THC 25% 
Domino, indica, THC 15% 
Dr. Funk, indica, THC 22% 
Dream Police, hybrid, THC 18% 
303 OG, indica, THC 26% 
Bloodhound, indica, THC 24% 
Space Dawg, indica, THC 23% 
Night Terror OG, indica, THC 21% 
13 Dawgs, hybrid, THC 19% 
Allkush, indica, THC 18% 
Venice OG, sativa, THC 26% 
Blue Persuasion, hybrid, THC 26% 
LAPD, hybrid, THC 26% 
Whiteout, hybrid, THC 19% 
Twista, hybrid, THC 22% 
White Cookies, indica, THC 20% 
Enemy of the State, indica, THC 14% 
Crystal Coma, sativa, THC 30% 
Super Skunk, indica, THC 28% 
Apple Fritter, hybrid, THC 32% 
Sage N Sour, sativa, THC 19% 
Loud, hybrid, THC 28% 
Orange Creamsicle, sativa, THC 18% 
Afgooey, indica, THC 20% 
Tahoe Alien, indica, THC 29% / CBD 4% 
Tangerine, hybrid, THC 18% / CBD 2% 
LA Kush, indica, THC 21% 
Gorilla Glue #5, indica, THC 28% 
True OG, hybrid, THC 24% 
Yoda OG, indica, THC 22% 
Shark Shock, indica, THC 20% 
Lemon G, sativa, THC 23% 
Cannatonic, hybrid, THC 6% / CBD 17% 
Money Maker, indica, THC 23% 
Critical Kush, indica, THC 29% 
Lemon OG, indica, THC 24% / CBD 0% 
White Nightmare, sativa, THC 22% 
Black Cherry Soda, hybrid, THC 30% 
Pennywise, indica, THC 15% / CBD 15% 
Snoop Dogg OG, indica, THC 28% / CBD 1% 
Hollands Hope, indica, THC 18% 
Critical Haze, hybrid, THC 21% 
Night Nurse, indica, THC 21% 
Sweet Tooth, indica, THC 19% 
Dominator, sativa, THC 16% 
Midnight, sativa, THC 13% / CBD 13% 
Purple Wreck, indica, THC 31% 
Garlic Bud, indica, THC 20% 
Exodus Cheese, hybrid, THC 18% 
Cherry Diesel, hybrid, THC 19% 
Cookies Kush, indica, THC 18% / CBD 3% 
Dream Queen, sativa, THC 19% 
Willie Cheesie, hybrid, THC 20% 
Black Mamba, indica, THC 25% 
Alien Rift, indica, THC 24% 
Bio Chem, indica, THC 25% 
Nebula, indica, THC 18% 
Maple Leaf Indica, indica, THC 18% 
Purple Aurora, indica, THC 20% / CBD 2% 
White Buffalo, sativa, THC 25% 
Love Potion #1, sativa, THC 18% 
Jamaican, sativa, THC 21% 
Blue Mango, indica, THC 18% 
Robert Plant, sativa, THC 18% / CBD 2% 
Strawberry Lemonade, hybrid, THC 28% 
River Song, indica, THC 25% 
Lightstorm, indica, THC 16% 
Humboldt, hybrid, THC 25% 
Magnum, hybrid, THC 15% 
Frosty, indica, THC 22% / CBD 2% 
Red Eye OG, indica, THC 28% 
Tangerine Power, sativa, THC 25% 
Sugar Punch, hybrid, THC 24% 
Starbud, indica, THC 20% 
Tangerine Haze, sativa, THC 21% 
Jacky White, sativa, THC 18% 
G Force, indica, THC 26% 
8 Ball Kush, indica, THC 18% / CBD 5% 
Superman OG, indica, THC 18% 
Blue Ox, indica, THC 16% 
Blackberry Fire, indica, THC 25% 
Big Bomb, hybrid, THC 18% 
Black Cherry Pie, hybrid, THC 26% 
Satellite OG, indica, THC 24% 
Oregon Pineapple, sativa, THC 20% 
Gas, indica, THC 21% 
Ginger Punch, sativa, THC 15% 
Skywalker, hybrid, THC 15% 
Blueberry, indica, THC 24% 
AK-47, sativa, THC 20% 
Orange Bud, indica, THC 17% 
Afghan Kush, indica, THC 17% 
Purple Kush, indica, THC 27% 
Berry White, indica, THC 22% 
Lemon Skunk, sativa, THC 22% 
Amnesia Haze, sativa, THC 25% 
LSD, indica, THC 24% 
Jager, indica, THC 23% 
Acapulco Gold, sativa, THC 23% 
Kosher Kush, indica, THC 20% 
Sensi Star, indica, THC 20% 
Candyland, sativa, THC 19% 
Lamb's Bread, sativa, THC 17% 
Maui Waui, sativa, THC 19% 
Chernobyl, sativa, THC 22% 
Banana Kush, indica, THC 18% 
Lemon Haze, sativa, THC 25% 
Pink Kush, indica, THC 22% 
Tahoe OG, hybrid, THC 21% 
Fire OG Kush, indica, THC 20% / CBD 0% 
ACDC, hybrid, THC 6% / CBD 20% 
Hellfire OG, hybrid, THC 29% 
Legend OG, indica, THC 25% 
Martian Mean Green, sativa, THC 22% 
Hibiscus Sunrise, indica, THC 26% 
Highwayman, hybrid, THC 21% 
Mendo Queen, sativa, THC 0% 
Hurkle, indica, THC 12% / CBD 12% 
Biohazard, hybrid,  
Arjan's Haze, sativa, THC 22% 
East Coast Alien, sativa, THC 20% 
Sherblato, sativa, THC 22% 
Scout's Honor, indica, THC 32% 
Zeitgeist, hybrid,  
Deep Purple, indica, THC 19% 
Tropicana, sativa, THC 17% 
Mojito, sativa, THC 24% 
Slurricane, indica, THC 28% 
Satsuma, hybrid, THC 26% 
North Indian, indica, THC 0% 
Ken's Kush, indica, THC 20% 
Kerala Krush, sativa, THC 22% 
Silver Bubble, hybrid, THC 20% 
Karma Bitch, hybrid, THC 20% 
Katsu Kush, indica, THC 11% / CBD 11% 
White Romulan, hybrid, THC 22% / CBD 1% 
3D CBD, sativa, THC 8% / CBD 18% 
501st OG, indica, THC 29% / CBD 1% 
AK-48, indica, THC 20% / CBD 1% 
Alien Hallucination, hybrid, THC 24% 
Skunk Dawg, sativa, THC 24% 
Primus, indica, THC 30% 
Atomical Haze, sativa, THC 18% 
Avidekel, indica, THC 2% / CBD 18% 
Black Label Kush, indica, THC 25% / CBD 1% 
Sunset Haze, hybrid, THC 17% 
Pokie, indica, THC 24% 
Brooklyn Mango, hybrid, THC 21% 
Bubble Cheese, indica, THC 18% 
Buddha Tahoe, indica, THC 20% 
Snow Mountain, indica, THC 23% 
Pop Rox, indica, THC 20% 
Predator Pink, indica, THC 17% 
Purple Sage, indica, THC 24% 
Buddha's Hand, sativa, THC 16% 
Buddha's Sister, indica, THC 22% 
Blackberry Chem OG, indica, THC 33% 
Blackberry Rhino, hybrid, THC 17% / CBD 1% 
Blissful Wizard, hybrid, THC 34% / CBD 1% 
BOG Bubble, hybrid, THC 19% 
Mazar Kush, indica, THC 20% 
Kahuna, hybrid, THC 22% 
Denver Maple, indica, THC 23% 
Copper Kush, hybrid, THC 21% 
Endless Sky, indica, THC 22% 
Durban Cheese, hybrid, THC 21% 
Cactus Cooler, sativa, THC 23% 
Chem Crush, hybrid, THC 22% 
Chong Star, hybrid, THC 23% 
Sweet Jane, indica, THC 20% 
Sweet Lafayette, indica, THC 18% 
Ape Shit, hybrid, THC 19% / CBD 1% 
Critical Widow, sativa, THC 27% 
Electric Kool-Aid, sativa, THC 20% 
Bediol, sativa, THC 7% / CBD 8% 
Biker Kush, indica, THC 25% 
Ebola #7, indica, THC 28% 
Sweet Nina, hybrid, THC 20% 
Rafael, sativa, THC 2% / CBD 17% 
Ayahuasca Purple, indica, THC 21% 
Blood Orange Kush, indica, THC 24% 
Beast Mode 2.0, indica, THC 23% / CBD 21% 
Bogart, hybrid, THC 16% 
CBD Kush, indica, THC 8% / CBD 11% 
Abusive OG, indica, THC 32% 
Blue Venom, indica, THC 23% 
Chocolate Hashberry, hybrid, THC 25% 
Conspiracy Kush, indica, THC 25% 
Kong, hybrid, THC 20% 
Deep Chunk, indica, THC 20% 
Boss Hogg, indica, THC 20% 
Cheese Candy, sativa, THC 20% 
Medusa, hybrid, THC 20% 
Blue Knight, hybrid, THC 27% 
Chocolate Chunk, indica, THC 22% 
Monkey Paw, indica, THC 23% 
Red Headed Stranger, indica, THC 26% 
Black Ice, indica, THC 24% 
Mega Wellness OG, hybrid, THC 33% 
Hawaiian Haze, sativa, THC 26% 
Las Vegas Purple Kush, indica, THC 23% 
Thai, sativa, THC 22% 
California Orange, hybrid, THC 15% 
C4, indica, THC 22% 
Purple Elephant, hybrid, THC 25% / CBD 1% 
Purple Power, sativa, THC 20% 
Happy Kush, indica, THC 19% 
Dinachem, sativa, THC 23% 
Dakini Kush, indica, THC 21% 
Critical Plus 2.0, indica, THC 22% 
American Beauty, hybrid, THC 24% 
American Pie, sativa, THC 20% 
Purple Bubba, indica, THC 25% 
Purple Ice, sativa, THC 18% 
Zelly's Gift, sativa, THC 18% 
Argyle, indica, THC 13% 
Purple Bush, indica, THC 21% 
Phantom Cookies, sativa, THC 21% 
Sour Lemon OG, sativa, THC 22% 
AK-49, sativa, THC 20% 
South Central LA, indica, THC 24% 
Grilled Cheese, indica, THC 20% 
Purple AK-47, indica, THC 18% 
Fat Purple, hybrid, THC 23% 
Frosty Jesus, hybrid, THC 24% 
Jamba Juice, sativa, THC 20% 
South Asian Sativa, sativa, THC 22% 
Tundra, indica, THC 15% 
Snow Diesel, indica, THC 23% 
Sour LSD, sativa, THC 28% 
Sour Ape, indica, THC 26% 
Peach Cobbler, hybrid, THC 23% 
Tar Monster, indica, THC 29% / CBD 1% 
Apple Jack, hybrid, THC 20% 
Grapefruit Diesel, indica, THC 20% 
Thai Fantasy, sativa, THC 19% 
The Big Dirty, hybrid, THC 15% 
The Boss, sativa,  
The Gift, sativa, THC 1% / CBD 20% 
The Lime, hybrid,  
The Loops, indica, THC 22% 
Tina, indica, THC 22% 
Tillamook Strawberry, sativa, THC 27% / CBD 1% 
Tonics Web, indica, THC 12% / CBD 10% 
Berry Sanders, sativa, THC 27% 
Tranquil Elephantizer Remix, indica,  
Trap Star, indica, THC 30% / CBD 1% 
Treasure Island, sativa, THC 2% / CBD 18% 
Head Trip, indica, THC 19% 
KC 36, indica, THC 24% 
Triple Cheese, indica, THC 22% 
Tropic Thunder, sativa, THC 22% 
True Face, indica,  
True X, indica,  
Truffle Butter, indica, THC 21% 
Jesus OG, hybrid, THC 28% 
Phantom OG, hybrid, THC 26% 
Banjo, hybrid, THC 28% 
Lucid Blue, sativa, THC 28% / CBD 4% 
Snow White, indica, THC 22% 
Cherry Bomb, hybrid, THC 26% 
Purple Voodoo, hybrid, THC 16% / CBD 1% 
Sour Jack, hybrid, THC 22% / CBD 0% 
Sunshine Daydream, indica, THC 25% 
Colombian Gold, sativa, THC 20% 
God Bud, indica, THC 27% / CBD 7% 
Cornbread, indica, THC 20% 
Blue Widow, indica, THC 17% / CBD 0% 
Pineapple Chunk, indica, THC 26% / CBD 1% 
Red Dragon, sativa, THC 22% 
Big Bud, indica, THC 20% 
Key Lime Pie, hybrid, THC 25% 
Amnesia, hybrid, THC 20% 
Strawberry Kush, sativa, THC 23% 
K2, indica, THC 29% 
XXX OG, indica, THC 21% 
Clementine, sativa, THC 27% 
Blood Kush, hybrid, THC 0% 
Tangerine Dream, sativa, THC 25% 
Frank's Gift, sativa, THC 9% / CBD 24% 
Thai Haze, hybrid, THC 21% 
The Ooze, indica, THC 24% 
Sweet Pebbles, hybrid, THC 20% 
Ice Princess, indica, THC 20% 
Cocoa Kush, hybrid, THC 18% 
C13 Haze, sativa, THC 20% 
Moonwalker Kush, hybrid, THC 28% 
Blue Bayou, sativa, THC 22% 
Blackberry Diesel, sativa, THC 23% 
Brand X, indica, THC 28% 
Cobra Lips, sativa, THC 33% 
Citral Skunk, indica, THC 20% 
Banana Peel, hybrid, THC 20% 
Atmosphere, hybrid, THC 23% 
Beast Mode OG, indica, THC 20% 
Berry OG, hybrid, THC 20% 
Brains Damage, indica, THC 23% 
Ghost Bubba, indica, THC 23% 
Anesthesia, indica, THC 19% 
Fraggle Rock, hybrid, THC 21% 
Blue Wonder, sativa, THC 18% 
Lions Gate, indica, THC 16% 
Bettie Page, hybrid, THC 19% 
Voodoo, sativa, THC 12% 
Ecto Cooler, sativa, THC 20% 
Green Cheese, hybrid, THC 15% 
Sour Headband, sativa, THC 25% 
Gorilla Grips, indica, THC 25% 
Green Mango, indica, THC 18% 
Hades OG, hybrid, THC 25% 
Harley Twin, hybrid, CBD 14% 
Grape Jelly, hybrid, THC 28% 
Viper, sativa, THC 20% 
Government Mule, indica, THC 22% 
Honey Lemon Cheese, hybrid,  
OGiesel, hybrid, THC 19% 
Clockwork Orange, hybrid, THC 21% 
Blizzard Bush, hybrid, THC 18% 
Strawberry, hybrid, THC 18% 
Carmel Cough, sativa, THC 0% 
Humboldt Sour Diesel, sativa, THC 0% 
Harmonia, indica, THC 10% / CBD 12% 
Jack Burton, indica, THC 23% 
Jack's Dragon Girl #7, hybrid,  
Kushadelic, indica, THC 20% 
Chocolate Meringue, indica, THC 23% 
Hashberry, indica, THC 18% 
XXX 420, indica, THC 24% 
Sour Breath, sativa, THC 17% 
Northern Skunk, indica, THC 14% 
Sugar Black Rose, indica, THC 18% 
Haze Heaven, indica, THC 22% 
Opium, hybrid, THC 21% 
Thai Lights, hybrid, THC 19% 
Sour Star Head, sativa,  
Nukeheads, hybrid, THC 30% 
OCA Gold, indica, THC 16% / CBD 1% 
OG 1 Kenobi, indica, THC 23% 
OG Glue Sniffer, hybrid, THC 22% 
Sugar Pine, sativa, THC 24% 
Bio Diesel, hybrid, THC 24% / CBD 1% 
Aliens on Moonshine, indica, THC 9% / CBD 36% 
Star Pupil, indica, THC 22% 
La Nina, sativa, THC 23% 
Northern Cross, sativa, THC 23% 
Strawberry Blondie, indica, THC 12% 
Kaua'i Electric, sativa, THC 18% / CBD 4% 
Big Tooth, indica, THC 20% 
Thunderbird Rose, sativa, THC 15% 
Strawberry Alien Kush, indica, THC 12% 
Straight A's Haze, sativa, THC 23% / CBD 1% 
Cookie Monster, indica, THC 23% 
Mother of All Cherries, indica, THC 23% 
Sugar Klingon, hybrid, THC 17% 
ArcticBlue, indica, THC 21% / CBD 1% 
Oriental Express, sativa, THC 16% 
Happy Rancher, hybrid, THC 25% 
Harlequin GDP, sativa, THC 11% / CBD 3% 
Lemon Sorbet 3, indica, THC 23% 
Purple Hashplant, hybrid, THC 15% / CBD 1% 
Lemon Zest, sativa, THC 24% 
Lemon Meringue, sativa, THC 28% 
Pineapple Sage, sativa, THC 23% / CBD 14% 
Mystery 98, indica, THC 2% / CBD 18% 
Chocolate Sap, sativa, THC 0% 
Dance World, indica, THC 14% / CBD 14% 
White Girl, sativa, THC 30% 
Pink Hawaiian, sativa, THC 19% 
60 Day Wonder, indica, THC 14% 
Pakistan Valley Kush, indica, THC 22% / CBD 2% 
Pamelina, indica,  
Peyote Cookies, indica, THC 22% 
Pink Starburst, sativa, THC 30% / CBD 1% 
Pinkman Goo, indica,  
Platinum Huckleberry Cookies, indica, THC 22% / CBD 1% 
Lambo OG, sativa, THC 21% 
Agape, hybrid, THC 0% 
CBD Rich Blessing, sativa, THC 15% / CBD 6% 
Cherry Cream Pie, indica, THC 14% 
Confidential Cookies, indica, THC 27% 
Karamelo, indica, THC 20% 
Soul Assassin OG, indica, THC 20% 
Pure Afghan, indica, THC 21% 
Royal Dwarf, hybrid, THC 16% 
Mighty Glue, indica, THC 21% 
Chocolate Rain, sativa, THC 20% 
Mint Chocolate Chip, sativa, THC 23% 
Kaboom, sativa, THC 16% 
Richie Rich, indica, THC 22% 
Sour Jilly, sativa, THC 26% 
Sourlope, sativa, THC 22% 
SleeSkunk, sativa, THC 22% 
Thai Tanic, sativa, THC 15% 
Skunky Diesel, indica, THC 18% 
Skywalker Alien, indica, THC 28% 
Club 69, indica, THC 20% 
Chocolate Glue, indica, THC 29% 
Cherry Vanilla Cookies, hybrid, THC 25% 
Chocolate Drop, indica, THC 23% 
Purple Cheese, hybrid, THC 22% 
Golden Nugget, indica, THC 22% 
Elmer's Glue, indica, THC 24% 
Nirvana Special, sativa, THC 20% 
Purple Suicide, indica, THC 19% 
Lemon Jack, sativa, THC 18% 
Bakerstreet, indica, THC 28% 
Foul Mouth, indica, THC 23% 
Aspen OG, sativa, THC 20% 
Soul Shine, sativa, THC 22% 
Purple Lightning, indica, THC 15% 
Alpha Omega OG, sativa, THC 0% 
Game Changer, indica, THC 29% 
Hippie Crippler, hybrid, THC 27% 
Alpha Blue, sativa, THC 20% 
Cali Kush, indica, THC 15% 
Super Lemon OG, indica, THC 22% 
Jelly Roll, indica, THC 0% 
Lemon Bubble, sativa, THC 23% 
Lake of Fire, hybrid, THC 20% 
Alien Fire, indica, THC 18% 
God's Bubba, indica, THC 25% 
Blue Nina, hybrid, THC 20% 
Devil Fruit, indica, THC 30% / CBD 20% 
Monster Cookies, indica, THC 16% 
Goji OG, hybrid, THC 22% / CBD 1% 
Diablo OG, sativa, THC 20% 
Critical Jack, sativa, THC 20% 
Black Jack, indica, THC 25% 
Hash Plant, indica, THC 13% 
Crescendo, indica, THC 30% 
Lemon Thai, hybrid, THC 22% 
Shishkaberry, indica, THC 26% 
Platinum Bubba Kush, indica, THC 25% 
Cinex, sativa, THC 26% 
Cotton Candy Kush, indica, THC 20% 
Space Queen, sativa, THC 16% 
Cinderella 99, sativa, THC 22% 
Lucky Charms, hybrid, THC 22% 
Red Poison, hybrid, THC 21% 
Balmoral, hybrid, THC 21% 
Deadhead OG, sativa, THC 25% 
Vortex, sativa, THC 20% 
Pure OG, indica, THC 20% / CBD 2% 
Remedy, indica, THC 1% / CBD 16% 
Sundae Driver, hybrid, THC 16% 
Gorilla Glue #12, sativa, THC 30% 
Mars OG, indica, THC 20% 
Taiga, hybrid, THC 15% 
Venomberry, sativa, THC 16% 
King's Bread, sativa, THC 21% 
Death By Cake OG, hybrid,  
Rx, hybrid, THC 10% / CBD 12% 
Rubicon, hybrid, THC 9% / CBD 9% 
Pure Power, sativa, THC 26% 
Vaniluna, hybrid, THC 17% 
Liquid Butter, indica, THC 20% 
OG Purple Fire Thai, hybrid, THC 0% 
Hawaii 78, sativa, THC 12% 
Cookie Breath, hybrid, THC 31% 
Cowboy Kush, indica, THC 20% 
Purple Tears, hybrid, THC 16% 
Heaven Scent, hybrid, THC 22% 
Mob Boss, hybrid, THC 21% 
Cherry Cookies, hybrid, THC 26% 
Green Hornet, hybrid, THC 20% 
Krishna Kush, indica, THC 27% 
Afghan Haze, sativa, THC 21% 
Dark Shadow Haze, sativa, THC 22% 
Double Dutch, sativa, THC 18% 
Arabian Gold, hybrid, THC 22% 
Space Cream, indica, THC 24% 
Quasar, hybrid, THC 15% 
Stephen Hawking Kush, indica, THC 12% / CBD 14% 
Reggie, sativa, THC 20% 
King Kong, indica, THC 21% 
Lucy, hybrid, THC 20% / CBD 10% 
West Coast Diesel, sativa, THC 26% 
Gucci OG, hybrid, THC 30% 
Blue Goo, hybrid, THC 22% 
Charlie Sheen, sativa, THC 24% 
Dizzy OG, hybrid, THC 22% 
Blue Hawaiian, hybrid, THC 24% 
Emerald OG, indica, THC 22% 
Huckleberry, hybrid, THC 26% 
Grape God, indica, THC 25% 
Paris OG, indica, THC 28% 
Presidential OG, indica, THC 26% 
Fruit Punch, sativa, THC 25% 
Royal Kush, indica, THC 25% 
Blue Dot, sativa, THC 20% 
Sour Grape, hybrid, THC 24% 
Tesla Tower, sativa, THC 22% 
Night Train, hybrid, THC 23% 
Jedi Kush, indica, THC 30% 
Black Russian, indica, THC 26% 
Kali 47, sativa, THC 30% 
Lemon Daddy, sativa, THC 24% 
KC 33, indica, THC 22% 
Hobbit, hybrid, THC 15% 
J-27, sativa, THC 22% 
Blue Kiss, indica, THC 24% 
White Moonshine, indica, THC 19% 
Jazz, sativa, THC 25% 
King Cake, hybrid, THC 23% 
North American, indica, THC 19% 
Limon, sativa, THC 24% 
818 OG, indica, THC 20% 
Double D, sativa, THC 21% 
LA Sunshine, hybrid, THC 27% 
Jane Doe, hybrid, THC 24% 
Commerce City Kush, indica, THC 19% 
Herringbone, hybrid, THC 25% 
Boaty McBoatface, sativa, THC 8% / CBD 13% 
Magic Jordan, indica, THC 25% / CBD 6% 
Blue Zombie, indica, THC 21% 
GI001, sativa, THC 1% / CBD 24% 
Snow Ryder, indica, THC 23% 
Donna OG, hybrid, THC 18% 
Eastern European, hybrid, THC 0% 
BC Big Bud, sativa, THC 21% 
Purple Passion, indica, THC 18% 
Green Dragon, indica, THC 16% 
Super Blue Dream, hybrid, THC 21% 
Cherry AK-47, sativa, THC 21% / CBD 1% 
Dirty Girl, sativa, THC 28% 
Oregon Diesel, indica, THC 22% 
Watermelon, indica, THC 22% 
Purple Skunk, sativa, THC 20% 
Purple Princess, indica, THC 17% 
Master Skunk, hybrid, THC 19% 
Sour Joker, sativa, THC 23% 
Hogs Breath, indica, THC 13% 
Violet Delight, hybrid, THC 27% 
Frostbite, sativa, THC 21% 
Grape Skunk, indica, THC 24% / CBD 3% 
Kolossus, hybrid, THC 22% 
Alien Sour Apple, hybrid, THC 28% 
Zero Gravity, indica, THC 18% 
Fucking Incredible, indica, THC 18% 
Easy Bud, sativa, THC 17% 
Church OG, hybrid, THC 19% / CBD 1% 
American Dream, indica, THC 18% 
Dr. Feelgood, hybrid, THC 20% / CBD 10% 
Stinky Pete, hybrid, THC 23% 
Starman, indica, THC 20% 
Urkle Train Haze, indica, THC 23% 
Strawberry Snow Cone, sativa, THC 25% 
Supergirl, indica, THC 23% 
Thunderstruck, sativa, THC 2% / CBD 24% 
OG Sour Diesel, sativa, THC 22% 
Orange Kush Breath, sativa, THC 31% 
Sweet Baby Jane, indica, THC 20% 
Sweet Amnesia Haze, sativa, THC 22% 
Smooth Operator, indica, THC 25% 
Hawaiian Cookies, hybrid, THC 21% 
Best Friend OG, sativa, THC 20% 
Strawberry Frost, indica, THC 19% 
Orient Express, sativa, THC 16% 
Suicide Girl, indica, THC 27% 
Satori, sativa, THC 28% 
False Teeth, indica, THC 0% 
Dutch Queen, sativa, THC 18% 
Golden Soda, sativa, THC 15% 
Kill Bill, hybrid, THC 30% 
Polar Dog, indica, THC 21% 
Penelope, hybrid, THC 15% / CBD 13% 
Sunset, indica, THC 30% / CBD 1% 
Ash, indica, THC 20% 
Zen, hybrid, THC 11% / CBD 9% 
Bandana, sativa, THC 15% / CBD 4% 
Astroboy, sativa, THC 21% 
Ortega, indica, THC 17% 
Trash, indica, THC 19% 
The One, hybrid, THC 17% 
Alf, indica, THC 15% 
Tesla, sativa, THC 3% / CBD 18% 
Alien Inferno, indica, THC 20% 
Berry Noir, hybrid, THC 20% 
Batgirl, sativa, THC 24% 
Raindance, indica, THC 14% 
Zoom Pie, indica, THC 24% 
Nova, indica, THC 23% 
Amethyst, indica, THC 20% 
Sour Maui, sativa, THC 27% 
Berkley, sativa, THC 28% 
Skunk 47, indica, THC 27% 
Space Bomb, sativa, THC 17% 
White Haze, sativa, THC 19% 
Webster, sativa, THC 23% 
Sweet Dream, sativa, THC 23% 
Blueberry Haze, sativa, THC 23% 
Blackberry Dream, sativa, THC 28% 
Mad Dawg, sativa, THC 24% 
Golden State Banana, indica, THC 30% 
Chocolate Diesel, sativa, THC 18% 
Delahaze, sativa, THC 18% 
Old School OG, indica, THC 20% 
Powderhound, sativa, THC 20% 
Gas Mask, indica, THC 27% 
Cole Train, indica, THC 19% 
Electric Lemonade, sativa, THC 21% 
Cit·Rix, sativa, THC 23% 
Banana Cream OG, hybrid, THC 30% 
Rocket Fuel, indica, THC 29% 
Casper OG, indica, THC 18% / CBD 1% 
Himalayan Gold, indica, THC 25% / CBD 2% 
OG Poison, indica, THC 22% 
Doctor Jamaica, hybrid, THC 20% 
One To One, hybrid, THC 14% / CBD 14% 
First 48, sativa, THC 29% 
Romulan Haze, sativa, THC 20% 
Red Dwarf, indica, THC 15% 
Afwreck, sativa, THC 26% 
Scroopy Noopers, hybrid, THC 27% 
Double Mint, indica, THC 20% 
Grape Crush, indica, THC 19% 
Nepalese, sativa, THC 17% 
Purple Mr. Nice, hybrid, THC 26% 
White Diesel, indica, THC 22% 
Salmon River OG, indica, THC 24% 
Alien Abduction, indica, THC 29% / CBD 1% 
Super Bud, indica, THC 19% / CBD 1% 
Hemlock, hybrid, THC 22% 
Orange Turbo, sativa, THC 15% 
Super Sour Skunk, hybrid, THC 15% 
Ace of Spades, indica, THC 20% 
Santa Maria, sativa, THC 14% 
Orange Dream, hybrid, THC 18% 
Cambodian, sativa, THC 26% 
Don Carlos, indica, THC 28% 
Silver Pearl, sativa, THC 21% 
Honey Boo Boo, indica, THC 21% 
Lee Roy, indica, THC 24% 
Twisted Citrus, hybrid, THC 27% 
Lime Green Skunk, hybrid, THC 17% 
Master Bubba, hybrid, THC 8% / CBD 1% 
White Skunk, indica, THC 22% 
The Truth, sativa, THC 22% 
Papa's OG, indica, THC 25% 
Peaches and Cream, sativa, THC 21% 
Black Lime Special Reserve, indica, THC 19% 
Blue Moon Rocks, indica, THC 24% 
Skunkberry, hybrid, THC 40% 
OG Shark, hybrid, THC 25% 
Green Dream, hybrid, THC 24% 
Sweet Black Angel, indica, THC 18% 
Ghost Cookies, indica, THC 23% 
C3PO, indica, THC 1% / CBD 15% 
La Blanca, indica, THC 15% 
Dr. Bubbles, indica, THC 12% / CBD 5% 
Blue Zkittlez, indica, THC 20% 
Chocolate Fondue, sativa, THC 17% 
Sugar Cookie, hybrid, THC 25% 
Aurora Indica, indica, THC 20% 
OG 18, indica, THC 20% 
Tangerine Kush, indica, THC 20% 
Tyson, indica, THC 21% 
Pineapple Skunk, indica, THC 27% 
Royal Highness, sativa, THC 15% 
Outer Space, hybrid, THC 21% 
Crimea Blue, indica, THC 18% 
Blue Buddha, indica, THC 24% 
El Jefe, indica, THC 25% 
Qush, indica, THC 18% 
Elvis, sativa, THC 22% 
Locktite, indica, THC 23% 
Skunk #1, indica, THC 22% 
Larry Bird Kush, hybrid, THC 25% / CBD 1% 
Willie Nelson, sativa, THC 22% 
Katsu Bubba Kush, indica, THC 24% 
Quantum Kush, sativa, THC 30% 
Extreme OG, indica, THC 30% / CBD 1% 
Bay Dream, sativa, THC 26% 
Dark Side of the Moon, indica, THC 22% 
Power Plant, sativa, THC 20% 
Grape Kush, sativa, THC 30% 
Silver Haze, hybrid, THC 14% 
Martian Candy, indica, THC 21% 
Blue Sherbert, hybrid, THC 0% 
RockStar, hybrid, THC 17% 
Yeti OG, indica, THC 20% / CBD 3% 
Guava Gelato, hybrid, THC 0% 
Peanut Butter Breath, hybrid, THC 28% 
Gorilla Girl, sativa, THC 25% 
White Lightening, hybrid, THC 24% 
Berry Bomb, indica, THC 23% 
Incredible Bulk, indica, THC 24% 
Omega, hybrid, THC 26% 
Killer Queen, hybrid, THC 21% 
Strawberry Cheesecake, indica, THC 22% / CBD 2% 
Green Poison, indica, THC 20% 
Animal Mint, hybrid, THC 32% 
Dreamcatcher, indica, THC 26% 
Green Ribbon, hybrid, THC 28% 
Cadillac Purple, hybrid, THC 27% 
Goo, indica, THC 24% 
Ringo's Gift, hybrid, THC 1% / CBD 20% 
Melon Gum, indica, THC 23% 
Head Cheese, hybrid, THC 30% 
Bonkers, hybrid, THC 18% 
Purple Candy, hybrid, THC 19% 
U.K. Cheese, hybrid, THC 18% 
Ms Universe, hybrid, THC 24% 
RudeBoi OG, indica, THC 23% 
Trix, sativa, THC 20% 
Billy Kimber OG, indica, THC 30% 
London Pound Cake, indica, THC 29% 
Lava Cake, indica, THC 18% 
Zookies, hybrid, THC 25% 
Cherry Limeade, hybrid, THC 26% 
Armageddon, sativa, THC 20% 
Agent Orange, sativa, THC 15% 
Laughing Buddha, sativa, THC 20% 
King Louis XIII, indica, THC 28% 
Grapefruit, sativa, THC 20% 
Alien Dawg, indica, THC 20% 
Alaskan Ice, sativa, THC 22% 
Kandy Kush, indica, THC 20% 
White Gold, indica, THC 25% 
MK Ultra, indica, THC 22% / CBD 0% 
Harlequin, sativa, THC 10% / CBD 15% 
Flo, sativa, THC 14% / CBD 0% 
Hawaiian Snow, sativa, THC 24% 
Lemon Diesel, indica, THC 18% 
Orange Kush, hybrid, THC 24% 
Tangie, sativa, THC 22% / CBD 0% 
Lavender Haze, indica, THC 20% 
Lemon Cake, sativa, THC 25% 
The White, indica, THC 30% 
Blueberry Headband, hybrid, THC 18% 
Vanilla Kush, indica, THC 22% 
Super Sour Diesel, sativa, THC 26% 
Dutch Treat, indica, THC 30% / CBD 1% 
Rosetta Stone, hybrid, THC 20% 
Blue Diesel, indica, THC 23% 
Chemmy Jones, sativa, THC 20% / CBD 1% 
Boss OG, hybrid, THC 26% / CBD 1% 
Cannadential, hybrid, THC 22% / CBD 2% 
Caramel Candy Kush, indica, THC 20% / CBD 1% 
CBD Critical Cure, indica, THC 12% / CBD 7% 
The White Angel, hybrid, THC 30% 
Cheeseburger, indica, THC 20% 
Woody Kush, indica, THC 23% 
Sour Cookies, sativa, THC 28% 
Chem Scout, indica, THC 26% / CBD 1% 
Rolls Choice, sativa, THC 24% 
Rocky Dennis, hybrid, THC 0% 
Banana Bread, hybrid, THC 0% 
Early Skunk, indica, THC 22% 
Rose Bud, indica, THC 14% 
Purple Berry, indica, THC 22% 
WSU, indica, THC 24% 
Chemwreck, sativa, THC 23% / CBD 1% 
Chupacabra, hybrid, THC 26% / CBD 1% 
Russian Doll, sativa, THC 25% 
Rozé, hybrid, THC 0% 
Darth Vader OG, indica, THC 25% 
Cinderella's Dream, sativa, THC 23% / CBD 1% 
A-Train, hybrid, THC 20% 
Green Crack, sativa, THC 24% 
Hindu Kush, indica, THC 20% 
Blue Dream, hybrid, THC 27% / CBD 2% 
Sour Diesel, sativa, THC 25% 
Gorilla Glue #4, sativa, THC 32% 
Girl Scout Cookies, indica, THC 28% / CBD 1% 
Gorilla Glue, hybrid, THC 28% 
Skywalker OG, indica, THC 26% 
Northern Lights, indica, THC 33% 
NYC Diesel, sativa, THC 22% 
Durban Poison, sativa, THC 26% 
Gelato, hybrid, THC 25% 
OG Kush, sativa, THC 27% 
Pineapple Express, sativa, THC 27% 
Jack Herer, sativa, THC 24% 
Granddaddy Purple, indica, THC 23% 
Wedding Cake, indica, THC 25% 
Forbidden Fruit, indica, THC 26% 
Cherry Pie, indica, THC 26% 
Stardawg, sativa, THC 22% 
Fruity Pebbles, indica, THC 23% 
Trainwreck, sativa, THC 18% 
Chemdawg, hybrid, THC 22% 
White Widow, sativa, THC 20% 
Rob Ford Kush, indica, THC 15% 
Mt Hood Magic, indica, THC 19% 
Rocky Mountain Blueberry, indica, THC 18% 
Ogre Berry, indica, THC 28% 
Magnum PI, sativa, THC 12% 
Hawaiian Diesel, sativa, THC 22% 
Matanuska Thunder Fuck, hybrid, THC 21% 
OG LA Affie, indica, THC 22% 
Monkey Thunder, sativa, THC 24% 
Critical Kali Mist, sativa, THC 22% 
Rocklock, indica, THC 16% 
Fruit Spirit, sativa, THC 20% 
Monkey Bread #1, indica, THC 32% 
Moon Cookies, indica, THC 29% 
Marionberry Kush, indica, THC 23% 
Maui Mango Diesel, sativa, THC 20% 
MediHaze, sativa, THC 4% / CBD 9% 
Misty Kush, hybrid, THC 20% 
Nebula II CBD, sativa, THC 7% / CBD 8% 
Orange Wreck, sativa, THC 23% 
Central American, sativa, THC 23% 
Green Crack Extreme, sativa, THC 24% 
Go Time, sativa, THC 32% 
Strawberry Dream, hybrid, THC 21% 
Godzilla, indica, THC 18% 
Blue Frost, indica, THC 22% 
Earth OG, indica, THC 22% 
Euforia, sativa, THC 23% 
Mountain Girl, hybrid, THC 20% 
Dairy Queen, hybrid, THC 28% 
UW, indica, THC 20% 
Bubbleberry, sativa, THC 21% 
Silver Surfer, hybrid, THC 26% 
Sunshine, sativa, THC 27% 
Killing Fields, sativa, THC 22% 
Transformer, hybrid, THC 22% 
Green Lantern, sativa, THC 28% 
Blueberry Blast, indica, THC 28% 
Pitbull, indica, THC 21% 
Cherries Jubilee, indica, THC 22% 
Grape Royale, indica, THC 28% 
Harambe's Ghost, hybrid, THC 30% 
Blurple, hybrid, THC 19% 
Ice Queen, sativa, THC 23% 
Presidential Kush, indica, THC 30% 
Sour Moonrocks, sativa, THC 59% 
Lost Coast OG, indica, THC 15% 
Purple Jems, hybrid, THC 19% / CBD 1% 
Super Sour Widow, hybrid, THC 18% / CBD 11% 
Thai Girl, sativa, THC 25% 
Strawberry Mango Haze, sativa, THC 23% 
Blue Boy, sativa, THC 27% 
Elderberry, indica, THC 20% 
Khufu, indica, THC 27% 
Tree of Life, sativa, THC 22% 
Valentine X, hybrid, THC 1% / CBD 25% 
Cracker Jack, hybrid, THC 20% 
Stella Blue, sativa, THC 18% 
The Ox, indica, THC 20% / CBD 12% 
Aloha Berry, indica, THC 28% 
Sweet Deep Grapefruit, indica, THC 19% 
White Empress, indica, THC 25% 
White Sangria, indica, THC 20% 
White Fire Alien OG, indica, THC 26% 
Irish Kush, indica, THC 22% 
California Grapefruit, indica, THC 15% 
Omega Dawg, hybrid, THC 25% 
Capers, indica, THC 19% 
Raspberry Cookies, indica, THC 26% / CBD 0% 
Secret Recipe, sativa, THC 25% 
Stevie Wonder, sativa, THC 24% 
C3, indica, THC 23% 
Slice of Heaven, hybrid, THC 0% 
999, hybrid, THC 0% 
Sidetracked, sativa, THC 32% 
Super Chronic, indica, THC 19% / CBD 5% 
Concord Cream, indica, THC 0% 
Comfortably Dumb, indica, THC 0% 
Cherry Moon Pie, indica,  
Chocolate Cheesecake, hybrid,  
Snow Goddess, hybrid, THC 23% 
Mandala #1, hybrid, THC 21% 
Cherry Wine, hybrid, THC 1% / CBD 25% 
Cookies and Cream Cheese, indica,  
Cookies Haze, sativa, THC 25% 
Lennon, sativa, THC 21% 
Silver Calyx, hybrid, THC 0% 
Cougar Milk, indica, THC 26% 
Red Diesel, hybrid, THC 22% 
Pine Cone, sativa, THC 18% 
Fast Eddy, sativa, THC 10% / CBD 15% 
Mystery Jazz, hybrid, THC 0% 
Popcorn Kush, indica, THC 17% 
Raskal OG, sativa, THC 19% / CBD 1% 
Wonka's Bubblicious, sativa, THC 22% 
Bear Dance, sativa, THC 33% 
Pineapple Purps, sativa, THC 17% / CBD 1% 
Montana Silvertip, sativa, THC 26% 
White Ryder, indica, THC 24% 
Godberry, indica, THC 21% 
Guava Chem, indica, THC 22% 
Guava Kush, sativa, THC 21% / CBD 1% 
Hempstar, sativa, THC 25% 
Jah Kush, sativa,  
Madman OG, hybrid, THC 24% 
Nuken, indica, THC 25% 
Pine Tar Kush, indica, THC 22% 
Orange Hill Special, hybrid, THC 21% 
Opal OG Kush, indica, THC 26% 
Pineapple Upside Down Cake, indica, THC 25% 
Purple Cheddar, indica, THC 17% 
Purple Chemdawg, indica, THC 21% 
Purple Jack, hybrid, THC 10% 
Purple Tangie, sativa, THC 22% 
Red Congolese, sativa, THC 21% 
Redwood Kush, indica, THC 26% / CBD 1% 
Romulan Grapefruit, indica, THC 18% / CBD 1% 
Shiva Skunk, indica, THC 20% / CBD 1% 
Sour Urkle, indica, THC 19% / CBD 1% 
VCDC, indica, THC 1% / CBD 18% 
Platinum Sour Diesel, sativa, THC 25% 
Punxsy Punch, indica,  
SFV Dog, hybrid, THC 28% 
Orange Haze, sativa, THC 20% 
Mag Landrace, indica, THC 27% / CBD 1% 
Queen Mother Goji, indica, THC 30% 
Saturn OG, hybrid, THC 26% 
Legend of Nigeria, sativa, THC 24% 
Dutch Hawaiian, sativa, THC 28% 
Jamaican Pearl, sativa, THC 22% 
Moose And Lobsta, sativa, THC 15% 
Cookie Puss, hybrid, THC 24% 
Swiss Tsunami, sativa, THC 1% / CBD 17% 
Banana Diesel, indica, THC 23% / CBD 1% 
Crunch Berry Kush, indica, THC 19% 
Fruity Chronic Juice, indica, THC 20% / CBD 8% 
Pineapple Fields, sativa, THC 0% 
Cream caramel, indica, THC 24% 
Critical Bilbo, indica, THC 21% 
Santa Sativa, sativa, THC 21% 
Cuvee, indica, THC 20% 
Dank Schrader, indica, THC 27% 
Dawg's Waltz, indica, THC 19% 
Erez, indica, THC 24% 
Flaming Cookies, indica, THC 25% 
Frosted Freak, hybrid, THC 21% 
Juliet, sativa, THC 20% 
Funfetti, indica, THC 27% 
Funky Monkey, indica, THC 12% 
Goldberry, indica, THC 19% 
Grape Inferno, indica, THC 23% 
Grape OX, indica, THC 24% 
Grape Valley Kush, indica, THC 26% 
Hawaiian Fire, hybrid, THC 25% 
Hawaiian Purple Kush, indica, THC 23% 
Haze Wreck, sativa, THC 24% 
Heisenberg Kush, sativa, THC 23% 
Purple Raine, hybrid, THC 19% 
Purple Dream, hybrid, THC 15% 
Hell Raiser OG, indica, THC 20% 
Lavender Jones, sativa, THC 20% / CBD 1% 
